"","new.names","strain","virus","gisaid_epi_isl","genbank_accession","date","region","country","division","location","region_exposure","country_exposure","division_exposure","segment","length","host","sex","Nextstrain_clade","pangolin_lineage","GISAID_clade","originating_lab","submitting_lab","authors","url","title","paper_url","date_submitted","purpose_of_sequencing"
"1","China/fake_1/2020/EPI_ISL_FAKE_1/2019-12-26","China/fake_1/2020","ncov","EPI_ISL_FAKE_1",NA,"2019-12-26","Asia","China","Hubei",NA,"Asia","China","Hubei","genome",NA,"Human",NA,NA,NA,NA,NA,NA,NA,NA,NA,NA,"2020-01-12",NA
"2","UnitedKingdom/fake_2/2020/EPI_ISL_FAKE_2/2020-07-02","UnitedKingdom/fake_2/2020","ncov","EPI_ISL_FAKE_2",NA,"2020-07-02","Europe","United Kingdom","England",NA,"Europe","United Kingdom","England","genome",NA,"Human",NA,NA,NA,NA,NA,NA,NA,NA,NA,NA,"2020-08-01",NA
"3","Canada/fake_3/2020/EPI_ISL_FAKE_3/2020-07-13","Canada/fake_3/2020","ncov","EPI_ISL_FAKE_3",NA,"2020-07-13","North America","Canada","British Columbia",NA,"North America","Canada","British Columbia","genome",NA,"Human",NA,NA,NA,NA,NA,NA,NA,NA,NA,NA,"2020-07-31",NA
"4","Canada/fake_4/2020/EPI_ISL_FAKE_4/2020-08-01","Canada/fake_4/2020","ncov","EPI_ISL_FAKE_4",NA,"2020-08-01","North America","Canada","British Columbia",NA,"North America","Canada","British Columbia","genome",NA,"Human",NA,NA,NA,NA,NA,NA,NA,NA,NA,NA,"2020-10-11",NA
"5","Canada/fake_5/2020/EPI_ISL_FAKE_5/2020-08-01","Canada/fake_5/2020","ncov","EPI_ISL_FAKE_5",NA,"2020-08-01","North America","Canada","Ontario",NA,"North America","Canada","Ontario","genome",NA,"Human",NA,NA,NA,NA,NA,NA,NA,NA,NA,NA,"2020-09-11",NA
"6","Canada/fake_6/2020/EPI_ISL_FAKE_6/2020-08-03","Canada/fake_6/2020","ncov","EPI_ISL_FAKE_6",NA,"2020-08-03","North America","Canada","Ontario",NA,"North America","Canada","Ontario","genome",NA,"Human",NA,NA,NA,NA,NA,NA,NA,NA,NA,NA,"2020-10-18",NA
"7","UnitedKingdom/fake_7/2020/EPI_ISL_FAKE_7/2020-08-13","UnitedKingdom/fake_7/2020","ncov","EPI_ISL_FAKE_7",NA,"2020-08-13","Europe","United Kingdom","England",NA,"Europe","United Kingdom","England","genome",NA,"Human",NA,NA,NA,NA,NA,NA,NA,NA,NA,NA,"2020-11-01",NA
"8","Canada/fake_8/2020/EPI_ISL_FAKE_8/2020-08-20","Canada/fake_8/2020","ncov","EPI_ISL_FAKE_8",NA,"2020-08-20","North America","Canada","British Columbia",NA,"Asia","Hong Kong","Hong Kong","genome",NA,"Human",NA,NA,NA,NA,NA,NA,NA,NA,NA,NA,"2020-08-27",NA
"9","Spain/fake_9/2020/EPI_ISL_FAKE_9/2020-09-06","Spain/fake_9/2020","ncov","EPI_ISL_FAKE_9",NA,"2020-09-06","Europe","Spain","Basque Country",NA,"Europe","Spain","Basque Country","genome",NA,"Human",NA,NA,NA,NA,NA,NA,NA,NA,NA,NA,"2020-09-23",NA
"10","Canada/fake_10/2020/EPI_ISL_FAKE_10/2020-10-01","Canada/fake_10/2020","ncov","EPI_ISL_FAKE_10",NA,"2020-10-01","North America","Canada","Quebec",NA,"North America","Canada","Quebec","genome",NA,"Human",NA,NA,NA,NA,NA,NA,NA,NA,NA,NA,"2020-12-23",NA
"12","Canada/fake_12/2020/EPI_ISL_FAKE_12/2020-10-05","Canada/fake_12/2020","ncov","EPI_ISL_FAKE_12",NA,"2020-10-05","North America","Canada","Quebec",NA,"North America","Canada","Quebec","genome",NA,"Human",NA,NA,NA,NA,NA,NA,NA,NA,NA,NA,"2020-12-15",NA
"13","Canada/fake_13/2020/EPI_ISL_FAKE_13/2020-10-10","Canada/fake_13/2020","ncov","EPI_ISL_FAKE_13",NA,"2020-10-10","North America","Canada","Quebec",NA,"North America","Canada","Quebec","genome",NA,"Human",NA,NA,NA,NA,NA,NA,NA,NA,NA,NA,"2020-11-09",NA
"14","Thailand/fake_14/2020/EPI_ISL_FAKE_14/2020-10-13","Thailand/fake_14/2020","ncov","EPI_ISL_FAKE_14",NA,"2020-10-13","Asia","Thailand","Nonthaburi",NA,"Asia","Thailand","Nonthaburi","genome",NA,"Human",NA,NA,NA,NA,NA,NA,NA,NA,NA,NA,"2020-11-05",NA
"15","USA/fake_15/2020/EPI_ISL_FAKE_15/2020-10-13","USA/fake_15/2020","ncov","EPI_ISL_FAKE_15",NA,"2020-10-13","North America","USA","California",NA,"North America","USA","California","genome",NA,"Human",NA,NA,NA,NA,NA,NA,NA,NA,NA,NA,"2020-11-09",NA
"16","Canada/fake_16/2020/EPI_ISL_FAKE_16/2020-10-14","Canada/fake_16/2020","ncov","EPI_ISL_FAKE_16",NA,"2020-10-14","North America","Canada","Ontario",NA,"North America","Canada","Ontario","genome",NA,"Human",NA,NA,NA,NA,NA,NA,NA,NA,NA,NA,"2020-11-09",NA
"17","USA/fake_17/2020/EPI_ISL_FAKE_17/2020-10-14","USA/fake_17/2020","ncov","EPI_ISL_FAKE_17",NA,"2020-10-14","North America","USA","New York",NA,"North America","USA","New York","genome",NA,"Human",NA,NA,NA,NA,NA,NA,NA,NA,NA,NA,"2020-12-11",NA
"19","USA/fake_19/2020/EPI_ISL_FAKE_19/2020-10-18","USA/fake_19/2020","ncov","EPI_ISL_FAKE_19",NA,"2020-10-18","North America","USA","New York",NA,"North America","USA","New York","genome",NA,"Human",NA,NA,NA,NA,NA,NA,NA,NA,NA,NA,"2020-11-16",NA
"21","Canada/fake_21/2020/EPI_ISL_FAKE_21/2020-10-26","Canada/fake_21/2020","ncov","EPI_ISL_FAKE_21",NA,"2020-10-26","North America","Canada","Quebec",NA,"North America","Canada","Quebec","genome",NA,"Human",NA,NA,NA,NA,NA,NA,NA,NA,NA,NA,"2021-02-03",NA
"22","UnitedKingdom/fake_22/2020/EPI_ISL_FAKE_22/2020-10-26","UnitedKingdom/fake_22/2020","ncov","EPI_ISL_FAKE_22",NA,"2020-10-26","Europe","United Kingdom","England",NA,"Europe","United Kingdom","England","genome",NA,"Human",NA,NA,NA,NA,NA,NA,NA,NA,NA,NA,"2020-12-09",NA
"23","UnitedKingdom/fake_23/2020/EPI_ISL_FAKE_23/2020-10-27","UnitedKingdom/fake_23/2020","ncov","EPI_ISL_FAKE_23",NA,"2020-10-27","Europe","United Kingdom","England",NA,"Europe","United Kingdom","England","genome",NA,"Human",NA,NA,NA,NA,NA,NA,NA,NA,NA,NA,"2020-11-28",NA
"24","USA/fake_24/2020/EPI_ISL_FAKE_24/2020-10-30","USA/fake_24/2020","ncov","EPI_ISL_FAKE_24",NA,"2020-10-30","North America","USA","New York",NA,"North America","USA","New York","genome",NA,"Human",NA,NA,NA,NA,NA,NA,NA,NA,NA,NA,"2021-01-29",NA
"25","Canada/fake_25/2020/EPI_ISL_FAKE_25/2020-10-30","Canada/fake_25/2020","ncov","EPI_ISL_FAKE_25",NA,"2020-10-30","North America","Canada","Ontario",NA,"North America","Canada","Ontario","genome",NA,"Human",NA,NA,NA,NA,NA,NA,NA,NA,NA,NA,"2020-12-16",NA
"26","Canada/fake_26/2020/EPI_ISL_FAKE_26/2020-11-02","Canada/fake_26/2020","ncov","EPI_ISL_FAKE_26",NA,"2020-11-02","North America","Canada","Nova Scotia",NA,"North America","Canada","Nova Scotia","genome",NA,"Human",NA,NA,NA,NA,NA,NA,NA,NA,NA,NA,"2021-01-15",NA
"27","Canada/fake_27/2020/EPI_ISL_FAKE_27/2020-11-05","Canada/fake_27/2020","ncov","EPI_ISL_FAKE_27",NA,"2020-11-05","North America","Canada","Quebec",NA,"North America","Canada","Quebec","genome",NA,"Human",NA,NA,NA,NA,NA,NA,NA,NA,NA,NA,"2020-12-23",NA
"28","Canada/fake_28/2020/EPI_ISL_FAKE_28/2020-11-05","Canada/fake_28/2020","ncov","EPI_ISL_FAKE_28",NA,"2020-11-05","North America","Canada","Quebec",NA,"North America","Canada","Quebec","genome",NA,"Human",NA,NA,NA,NA,NA,NA,NA,NA,NA,NA,"2020-11-11",NA
"29","Canada/fake_29/2020/EPI_ISL_FAKE_29/2020-11","Canada/fake_29/2020","ncov","EPI_ISL_FAKE_29",NA,"2020-11","North America","Canada","Quebec",NA,"North America","Canada","Quebec","genome",NA,"Human",NA,NA,NA,NA,NA,NA,NA,NA,NA,NA,"2021-01-27",NA
"30","Canada/fake_30/2020/EPI_ISL_FAKE_30/2020-11-12","Canada/fake_30/2020","ncov","EPI_ISL_FAKE_30",NA,"2020-11-12","North America","Canada","Newfoundland and Labrador",NA,"North America","Canada","Newfoundland and Labrador","genome",NA,"Human",NA,NA,NA,NA,NA,NA,NA,NA,NA,NA,"2020-12-31",NA
"31","UnitedKingdom/fake_31/2020/EPI_ISL_FAKE_31/2020-11-13","UnitedKingdom/fake_31/2020","ncov","EPI_ISL_FAKE_31",NA,"2020-11-13","Europe","United Kingdom","Wales",NA,"Europe","United Kingdom","Wales","genome",NA,"Human",NA,NA,NA,NA,NA,NA,NA,NA,NA,NA,"2020-12-15",NA
"32","Canada/fake_32/2020/EPI_ISL_FAKE_32/2020-11-16","Canada/fake_32/2020","ncov","EPI_ISL_FAKE_32",NA,"2020-11-16","North America","Canada","Ontario",NA,"North America","Canada","Ontario","genome",NA,"Human",NA,NA,NA,NA,NA,NA,NA,NA,NA,NA,"2021-01-25",NA
"33","Canada/fake_33/2020/EPI_ISL_FAKE_33/2020-11-19","Canada/fake_33/2020","ncov","EPI_ISL_FAKE_33",NA,"2020-11-19","North America","Canada","Manitoba",NA,"North America","Canada","Manitoba","genome",NA,"Human",NA,NA,NA,NA,NA,NA,NA,NA,NA,NA,"2020-12-19",NA
"34","UnitedKingdom/fake_34/2020/EPI_ISL_FAKE_34/2020-11-20","UnitedKingdom/fake_34/2020","ncov","EPI_ISL_FAKE_34",NA,"2020-11-20","Europe","United Kingdom","England",NA,"Europe","United Kingdom","England","genome",NA,"Human",NA,NA,NA,NA,NA,NA,NA,NA,NA,NA,"2021-02-03",NA
"35","USA/fake_35/2020/EPI_ISL_FAKE_35/2020-11-23","USA/fake_35/2020","ncov","EPI_ISL_FAKE_35",NA,"2020-11-23","North America","USA","Michigan",NA,"North America","USA","Michigan","genome",NA,"Human",NA,NA,NA,NA,NA,NA,NA,NA,NA,NA,"2021-02-03",NA
"36","UnitedKingdom/fake_36/2020/EPI_ISL_FAKE_36/2020-11-24","UnitedKingdom/fake_36/2020","ncov","EPI_ISL_FAKE_36",NA,"2020-11-24","Europe","United Kingdom","England",NA,"Europe","United Kingdom","England","genome",NA,"Human",NA,NA,NA,NA,NA,NA,NA,NA,NA,NA,"2021-01-12",NA
"37","Canada/fake_37/2020/EPI_ISL_FAKE_37/2020-11-24","Canada/fake_37/2020","ncov","EPI_ISL_FAKE_37",NA,"2020-11-24","North America","Canada","New Brunswick",NA,"North America","Canada","New Brunswick","genome",NA,"Human",NA,NA,NA,NA,NA,NA,NA,NA,NA,NA,"2021-01-18",NA
"38","Canada/fake_38/2020/EPI_ISL_FAKE_38/2020-11-28","Canada/fake_38/2020","ncov","EPI_ISL_FAKE_38",NA,"2020-11-28","North America","Canada","Nova Scotia",NA,"North America","Canada","Nova Scotia","genome",NA,"Human",NA,NA,NA,NA,NA,NA,NA,NA,NA,NA,"2021-02-23",NA
"39","Canada/fake_39/2020/EPI_ISL_FAKE_39/2020-11-28","Canada/fake_39/2020","ncov","EPI_ISL_FAKE_39",NA,"2020-11-28","North America","Canada","Quebec",NA,"North America","Canada","Quebec","genome",NA,"Human",NA,NA,NA,NA,NA,NA,NA,NA,NA,NA,"2021-01-13",NA
"40","Netherlands/fake_40/2020/EPI_ISL_FAKE_40/2020-11-29","Netherlands/fake_40/2020","ncov","EPI_ISL_FAKE_40",NA,"2020-11-29","Europe","Netherlands","North Brabant",NA,"Europe","Netherlands","North Brabant","genome",NA,"Environment",NA,NA,NA,NA,NA,NA,NA,NA,NA,NA,"2021-01-03",NA
"41","Canada/fake_41/2020/EPI_ISL_FAKE_41/2020-11-29","Canada/fake_41/2020","ncov","EPI_ISL_FAKE_41",NA,"2020-11-29","North America","Canada","Quebec",NA,"North America","Canada","Quebec","genome",NA,"Human",NA,NA,NA,NA,NA,NA,NA,NA,NA,NA,"2021-02-16",NA
"42","Canada/fake_42/2020/EPI_ISL_FAKE_42/2020-12-01","Canada/fake_42/2020","ncov","EPI_ISL_FAKE_42",NA,"2020-12-01","North America","Canada","Quebec",NA,"North America","Canada","Quebec","genome",NA,"Human",NA,NA,NA,NA,NA,NA,NA,NA,NA,NA,"2020-12-30",NA
"43","Canada/fake_43/2020/EPI_ISL_FAKE_43/2020-12-02","Canada/fake_43/2020","ncov","EPI_ISL_FAKE_43",NA,"2020-12-02","North America","Canada","Quebec",NA,"North America","Canada","Quebec","genome",NA,"Human",NA,NA,NA,NA,NA,NA,NA,NA,NA,NA,"2021-01-24",NA
"44","Canada/fake_44/2020/EPI_ISL_FAKE_44/2020-12-05","Canada/fake_44/2020","ncov","EPI_ISL_FAKE_44",NA,"2020-12-05","North America","Canada","Quebec",NA,"North America","Canada","Quebec","genome",NA,"Human",NA,NA,NA,NA,NA,NA,NA,NA,NA,NA,"2021-01-18",NA
"45","Canada/fake_45/2020/EPI_ISL_FAKE_45/2020-12-07","Canada/fake_45/2020","ncov","EPI_ISL_FAKE_45",NA,"2020-12-07","North America","Canada","Quebec",NA,"North America","Canada","Quebec","genome",NA,"Human",NA,NA,NA,NA,NA,NA,NA,NA,NA,NA,"2021-01-20",NA
"46","Canada/fake_46/2020/EPI_ISL_FAKE_46/2020-12-09","Canada/fake_46/2020","ncov","EPI_ISL_FAKE_46",NA,"2020-12-09","North America","Canada","Quebec",NA,"North America","Canada","Quebec","genome",NA,"Human",NA,NA,NA,NA,NA,NA,NA,NA,NA,NA,"2021-02-24",NA
"47","Portugal/fake_47/2020/EPI_ISL_FAKE_47/2020-12-12","Portugal/fake_47/2020","ncov","EPI_ISL_FAKE_47",NA,"2020-12-12","Europe","Portugal","Portugal",NA,"Europe","Portugal","Portugal","genome",NA,"Human",NA,NA,NA,NA,NA,NA,NA,NA,NA,NA,"2021-03-06",NA
"48","Canada/fake_48/2020/EPI_ISL_FAKE_48/2020-12-12","Canada/fake_48/2020","ncov","EPI_ISL_FAKE_48",NA,"2020-12-12","North America","Canada","Quebec",NA,"North America","Canada","Quebec","genome",NA,"Human",NA,NA,NA,NA,NA,NA,NA,NA,NA,NA,"2021-03-19",NA
"49","Canada/fake_49/2020/EPI_ISL_FAKE_49/2020-12-12","Canada/fake_49/2020","ncov","EPI_ISL_FAKE_49",NA,"2020-12-12","North America","Canada","Ontario",NA,"North America","Canada","Ontario","genome",NA,"Human",NA,NA,NA,NA,NA,NA,NA,NA,NA,NA,"2021-02-20",NA
"50","Canada/fake_50/2020/EPI_ISL_FAKE_50/2020-12-12","Canada/fake_50/2020","ncov","EPI_ISL_FAKE_50",NA,"2020-12-12","North America","Canada","Ontario",NA,"North America","Canada","Ontario","genome",NA,"Human",NA,NA,NA,NA,NA,NA,NA,NA,NA,NA,"2020-12-19",NA
"51","USA/fake_51/2020/EPI_ISL_FAKE_51/2020-12-13","USA/fake_51/2020","ncov","EPI_ISL_FAKE_51",NA,"2020-12-13","North America","USA","Washington",NA,"North America","USA","Washington","genome",NA,"Human",NA,NA,NA,NA,NA,NA,NA,NA,NA,NA,"2021-02-03",NA
"52","Canada/fake_52/2020/EPI_ISL_FAKE_52/2020-12-13","Canada/fake_52/2020","ncov","EPI_ISL_FAKE_52",NA,"2020-12-13","North America","Canada","Quebec",NA,"North America","Canada","Quebec","genome",NA,"Human",NA,NA,NA,NA,NA,NA,NA,NA,NA,NA,"2020-12-20",NA
"53","Canada/fake_53/2020/EPI_ISL_FAKE_53/2020-12-14","Canada/fake_53/2020","ncov","EPI_ISL_FAKE_53",NA,"2020-12-14","North America","Canada","Quebec",NA,"North America","Canada","Quebec","genome",NA,"Human",NA,NA,NA,NA,NA,NA,NA,NA,NA,NA,"2021-02-13",NA
"54","France/fake_54/2020/EPI_ISL_FAKE_54/2020-12-14","France/fake_54/2020","ncov","EPI_ISL_FAKE_54",NA,"2020-12-14","Europe","France","Provence-Alpes-C么te d'Azur",NA,"Europe","France","Provence-Alpes-C么te d'Azur","genome",NA,"Human",NA,NA,NA,NA,NA,NA,NA,NA,NA,NA,"2021-02-11",NA
"55","Canada/fake_55/2020/EPI_ISL_FAKE_55/2020-12-14","Canada/fake_55/2020","ncov","EPI_ISL_FAKE_55",NA,"2020-12-14","North America","Canada","Quebec",NA,"North America","Canada","Quebec","genome",NA,"Human",NA,NA,NA,NA,NA,NA,NA,NA,NA,NA,"2021-02-22",NA
"56","Canada/fake_56/2020/EPI_ISL_FAKE_56/2020-12-15","Canada/fake_56/2020","ncov","EPI_ISL_FAKE_56",NA,"2020-12-15","North America","Canada","Quebec",NA,"North America","Canada","Quebec","genome",NA,"Human",NA,NA,NA,NA,NA,NA,NA,NA,NA,NA,"2021-01-20",NA
"57","Canada/fake_57/2020/EPI_ISL_FAKE_57/2020-12-17","Canada/fake_57/2020","ncov","EPI_ISL_FAKE_57",NA,"2020-12-17","North America","Canada","Quebec",NA,"North America","Canada","Quebec","genome",NA,"Human",NA,NA,NA,NA,NA,NA,NA,NA,NA,NA,"2021-02-01",NA
"58","Canada/fake_58/2020/EPI_ISL_FAKE_58/2020-12-18","Canada/fake_58/2020","ncov","EPI_ISL_FAKE_58",NA,"2020-12-18","North America","Canada","British Columbia",NA,"North America","Canada","British Columbia","genome",NA,"Human",NA,NA,NA,NA,NA,NA,NA,NA,NA,NA,"2021-03-19",NA
"59","Canada/fake_59/2020/EPI_ISL_FAKE_59/2020-12-18","Canada/fake_59/2020","ncov","EPI_ISL_FAKE_59",NA,"2020-12-18","North America","Canada","British Columbia",NA,"North America","Canada","British Columbia","genome",NA,"Human",NA,NA,NA,NA,NA,NA,NA,NA,NA,NA,"2020-12-30",NA
"60","Canada/fake_60/2020/EPI_ISL_FAKE_60/2020-12-18","Canada/fake_60/2020","ncov","EPI_ISL_FAKE_60",NA,"2020-12-18","North America","Canada","British Columbia",NA,"North America","Canada","British Columbia","genome",NA,"Human",NA,NA,NA,NA,NA,NA,NA,NA,NA,NA,"2021-03-20",NA
"61","Canada/fake_61/2020/EPI_ISL_FAKE_61/2020-12-19","Canada/fake_61/2020","ncov","EPI_ISL_FAKE_61",NA,"2020-12-19","North America","Canada","British Columbia",NA,"North America","Canada","British Columbia","genome",NA,"Human",NA,NA,NA,NA,NA,NA,NA,NA,NA,NA,"2021-01-31",NA
"62","Canada/fake_62/2020/EPI_ISL_FAKE_62/2020-12-22","Canada/fake_62/2020","ncov","EPI_ISL_FAKE_62",NA,"2020-12-22","North America","Canada","British Columbia",NA,"North America","Canada","British Columbia","genome",NA,"Human",NA,NA,NA,NA,NA,NA,NA,NA,NA,NA,"2021-01-11",NA
"63","Canada/fake_63/2020/EPI_ISL_FAKE_63/2020-12-24","Canada/fake_63/2020","ncov","EPI_ISL_FAKE_63",NA,"2020-12-24","North America","Canada","Ontario",NA,"North America","Canada","Ontario","genome",NA,"Human",NA,NA,NA,NA,NA,NA,NA,NA,NA,NA,"2021-01-21",NA
"64","Canada/fake_64/2020/EPI_ISL_FAKE_64/2020-12-24","Canada/fake_64/2020","ncov","EPI_ISL_FAKE_64",NA,"2020-12-24","North America","Canada","British Columbia",NA,"North America","Canada","British Columbia","genome",NA,"Human",NA,NA,NA,NA,NA,NA,NA,NA,NA,NA,"2021-02-04",NA
"65","Japan/fake_65/2020/EPI_ISL_FAKE_65/2020-12-24","Japan/fake_65/2020","ncov","EPI_ISL_FAKE_65",NA,"2020-12-24","Asia","Japan","Japan",NA,"Asia","Japan","Japan","genome",NA,"Human",NA,NA,NA,NA,NA,NA,NA,NA,NA,NA,"2021-03-14",NA
"66","Canada/fake_66/2020/EPI_ISL_FAKE_66/2020-12-24","Canada/fake_66/2020","ncov","EPI_ISL_FAKE_66",NA,"2020-12-24","North America","Canada","Alberta",NA,"North America","Canada","Alberta","genome",NA,"Human",NA,NA,NA,NA,NA,NA,NA,NA,NA,NA,"2021-02-22",NA
"67","Canada/fake_67/2020/EPI_ISL_FAKE_67/2020-12-26","Canada/fake_67/2020","ncov","EPI_ISL_FAKE_67",NA,"2020-12-26","North America","Canada","Quebec",NA,"North America","Canada","Quebec","genome",NA,"Human",NA,NA,NA,NA,NA,NA,NA,NA,NA,NA,"2021-02-21",NA
"68","Canada/fake_68/2020/EPI_ISL_FAKE_68/2020-12-26","Canada/fake_68/2020","ncov","EPI_ISL_FAKE_68",NA,"2020-12-26","North America","Canada","Ontario",NA,"North America","Canada","Ontario","genome",NA,"Human",NA,NA,NA,NA,NA,NA,NA,NA,NA,NA,"2020-12-29",NA
"69","USA/fake_69/2020/EPI_ISL_FAKE_69/2020-12-27","USA/fake_69/2020","ncov","EPI_ISL_FAKE_69",NA,"2020-12-27","North America","USA","Texas",NA,"North America","USA","Texas","genome",NA,"Human",NA,NA,NA,NA,NA,NA,NA,NA,NA,NA,"2021-01-30",NA
"70","UnitedKingdom/fake_70/2020/EPI_ISL_FAKE_70/2020-12-27","UnitedKingdom/fake_70/2020","ncov","EPI_ISL_FAKE_70",NA,"2020-12-27","Europe","United Kingdom","Scotland",NA,"Europe","United Kingdom","Scotland","genome",NA,"Human",NA,NA,NA,NA,NA,NA,NA,NA,NA,NA,"2021-03-21",NA
"71","UnitedKingdom/fake_71/2020/EPI_ISL_FAKE_71/2020-12-27","UnitedKingdom/fake_71/2020","ncov","EPI_ISL_FAKE_71",NA,"2020-12-27","Europe","United Kingdom","England",NA,"Europe","United Kingdom","England","genome",NA,"Human",NA,NA,NA,NA,NA,NA,NA,NA,NA,NA,"2021-01-18",NA
"72","Canada/fake_72/2020/EPI_ISL_FAKE_72/2020-12-29","Canada/fake_72/2020","ncov","EPI_ISL_FAKE_72",NA,"2020-12-29","North America","Canada","Alberta",NA,"North America","Canada","Alberta","genome",NA,"Human",NA,NA,NA,NA,NA,NA,NA,NA,NA,NA,"2021-02-21",NA
"73","Canada/fake_73/2020/EPI_ISL_FAKE_73/2020-12","Canada/fake_73/2020","ncov","EPI_ISL_FAKE_73",NA,"2020-12","North America","Canada","Nova Scotia",NA,"North America","Canada","Nova Scotia","genome",NA,"Human",NA,NA,NA,NA,NA,NA,NA,NA,NA,NA,"2021-03-22",NA
"74","Canada/fake_74/2021/EPI_ISL_FAKE_74/2021-01-02","Canada/fake_74/2021","ncov","EPI_ISL_FAKE_74",NA,"2021-01-02","North America","Canada","Ontario",NA,"North America","Canada","Ontario","genome",NA,"Human",NA,NA,NA,NA,NA,NA,NA,NA,NA,NA,"2021-04-09",NA
"75","Canada/fake_75/2021/EPI_ISL_FAKE_75/2021-01","Canada/fake_75/2021","ncov","EPI_ISL_FAKE_75",NA,"2021-01","North America","Canada","Quebec",NA,"North America","Canada","Quebec","genome",NA,"Human",NA,NA,NA,NA,NA,NA,NA,NA,NA,NA,"2021-02-15",NA
"76","Canada/fake_76/2021/EPI_ISL_FAKE_76/2021-01-03","Canada/fake_76/2021","ncov","EPI_ISL_FAKE_76",NA,"2021-01-03","North America","Canada","Alberta",NA,"North America","Canada","Alberta","genome",NA,"Human",NA,NA,NA,NA,NA,NA,NA,NA,NA,NA,"2021-03-07",NA
"77","Canada/fake_77/2021/EPI_ISL_FAKE_77/2021-01-03","Canada/fake_77/2021","ncov","EPI_ISL_FAKE_77",NA,"2021-01-03","North America","Canada","Alberta",NA,"North America","Canada","Alberta","genome",NA,"Human",NA,NA,NA,NA,NA,NA,NA,NA,NA,NA,"2021-02-17",NA
"78","Canada/fake_78/2021/EPI_ISL_FAKE_78/2021-01-04","Canada/fake_78/2021","ncov","EPI_ISL_FAKE_78",NA,"2021-01-04","North America","Canada","Quebec",NA,"North America","Canada","Quebec","genome",NA,"Human",NA,NA,NA,NA,NA,NA,NA,NA,NA,NA,"2021-01-27",NA
"79","Canada/fake_79/2021/EPI_ISL_FAKE_79/2021-01-05","Canada/fake_79/2021","ncov","EPI_ISL_FAKE_79",NA,"2021-01-05","North America","Canada","Alberta",NA,"North America","Canada","Alberta","genome",NA,"Human",NA,NA,NA,NA,NA,NA,NA,NA,NA,NA,"2021-02-09",NA
"80","Canada/fake_80/2021/EPI_ISL_FAKE_80/2021-01-05","Canada/fake_80/2021","ncov","EPI_ISL_FAKE_80",NA,"2021-01-05","North America","Canada","Alberta",NA,"North America","Canada","Alberta","genome",NA,"Human",NA,NA,NA,NA,NA,NA,NA,NA,NA,NA,"2021-02-07",NA
"81","Canada/fake_81/2021/EPI_ISL_FAKE_81/2021-01-05","Canada/fake_81/2021","ncov","EPI_ISL_FAKE_81",NA,"2021-01-05","North America","Canada","Alberta",NA,"North America","Canada","Alberta","genome",NA,"Human",NA,NA,NA,NA,NA,NA,NA,NA,NA,NA,"2021-02-08",NA
"82","Canada/fake_82/2021/EPI_ISL_FAKE_82/2021-01-05","Canada/fake_82/2021","ncov","EPI_ISL_FAKE_82",NA,"2021-01-05","North America","Canada","Nova Scotia",NA,"North America","Canada","Nova Scotia","genome",NA,"Human",NA,NA,NA,NA,NA,NA,NA,NA,NA,NA,"2021-02-18",NA
"83","Canada/fake_83/2021/EPI_ISL_FAKE_83/2021-01-07","Canada/fake_83/2021","ncov","EPI_ISL_FAKE_83",NA,"2021-01-07","North America","Canada","Ontario",NA,"North America","Canada","Ontario","genome",NA,"Human",NA,NA,NA,NA,NA,NA,NA,NA,NA,NA,"2021-03-22",NA
"84","Canada/fake_84/2021/EPI_ISL_FAKE_84/2021-01-07","Canada/fake_84/2021","ncov","EPI_ISL_FAKE_84",NA,"2021-01-07","North America","Canada","Nova Scotia",NA,"North America","Canada","Nova Scotia","genome",NA,"Human",NA,NA,NA,NA,NA,NA,NA,NA,NA,NA,"2021-03-26",NA
"85","Canada/fake_85/2021/EPI_ISL_FAKE_85/2021-01-08","Canada/fake_85/2021","ncov","EPI_ISL_FAKE_85",NA,"2021-01-08","North America","Canada","Alberta",NA,"North America","Canada","Alberta","genome",NA,"Human",NA,NA,NA,NA,NA,NA,NA,NA,NA,NA,"2021-03-13",NA
"86","Canada/fake_86/2021/EPI_ISL_FAKE_86/2021-01-08","Canada/fake_86/2021","ncov","EPI_ISL_FAKE_86",NA,"2021-01-08","North America","Canada","Alberta",NA,"North America","Canada","Alberta","genome",NA,"Human",NA,NA,NA,NA,NA,NA,NA,NA,NA,NA,"2021-02-16",NA
"87","Canada/fake_87/2021/EPI_ISL_FAKE_87/2021-01-08","Canada/fake_87/2021","ncov","EPI_ISL_FAKE_87",NA,"2021-01-08","North America","Canada","Alberta",NA,"North America","Canada","Alberta","genome",NA,"Human",NA,NA,NA,NA,NA,NA,NA,NA,NA,NA,"2021-02-24",NA
"88","Canada/fake_88/2021/EPI_ISL_FAKE_88/2021-01-09","Canada/fake_88/2021","ncov","EPI_ISL_FAKE_88",NA,"2021-01-09","North America","Canada","Alberta",NA,"North America","Canada","Alberta","genome",NA,"Human",NA,NA,NA,NA,NA,NA,NA,NA,NA,NA,"2021-01-21",NA
"89","Ireland/fake_89/2021/EPI_ISL_FAKE_89/2021-01-09","Ireland/fake_89/2021","ncov","EPI_ISL_FAKE_89",NA,"2021-01-09","Europe","Ireland","Dublin",NA,"Europe","Ireland","Dublin","genome",NA,"Human",NA,NA,NA,NA,NA,NA,NA,NA,NA,NA,"2021-01-20",NA
"90","Canada/fake_90/2021/EPI_ISL_FAKE_90/2021-01-10","Canada/fake_90/2021","ncov","EPI_ISL_FAKE_90",NA,"2021-01-10","North America","Canada","Nova Scotia",NA,"North America","Canada","Nova Scotia","genome",NA,"Human",NA,NA,NA,NA,NA,NA,NA,NA,NA,NA,"2021-03-20",NA
"91","Canada/fake_91/2021/EPI_ISL_FAKE_91/2021-01-10","Canada/fake_91/2021","ncov","EPI_ISL_FAKE_91",NA,"2021-01-10","North America","Canada","Alberta",NA,"North America","Canada","Alberta","genome",NA,"Human",NA,NA,NA,NA,NA,NA,NA,NA,NA,NA,"2021-01-22",NA
"92","USA/fake_92/2021/EPI_ISL_FAKE_92/2021-01-10","USA/fake_92/2021","ncov","EPI_ISL_FAKE_92",NA,"2021-01-10","North America","USA","Massachusetts",NA,"North America","USA","Massachusetts","genome",NA,"Human",NA,NA,NA,NA,NA,NA,NA,NA,NA,NA,"2021-01-13",NA
"93","Canada/fake_93/2021/EPI_ISL_FAKE_93/2021-01-10","Canada/fake_93/2021","ncov","EPI_ISL_FAKE_93",NA,"2021-01-10","North America","Canada","Alberta",NA,"North America","Canada","Alberta","genome",NA,"Human",NA,NA,NA,NA,NA,NA,NA,NA,NA,NA,"2021-01-30",NA
"94","Portugal/fake_94/2021/EPI_ISL_FAKE_94/2021-01-13","Portugal/fake_94/2021","ncov","EPI_ISL_FAKE_94",NA,"2021-01-13","Europe","Portugal","Portugal",NA,"Europe","Portugal","Portugal","genome",NA,"Human",NA,NA,NA,NA,NA,NA,NA,NA,NA,NA,"2021-01-17",NA
"95","UnitedKingdom/fake_95/2021/EPI_ISL_FAKE_95/2021-01-14","UnitedKingdom/fake_95/2021","ncov","EPI_ISL_FAKE_95",NA,"2021-01-14","Europe","United Kingdom","England",NA,"Europe","United Kingdom","England","genome",NA,"Human",NA,NA,NA,NA,NA,NA,NA,NA,NA,NA,"2021-04-14",NA
"96","UnitedKingdom/fake_96/2021/EPI_ISL_FAKE_96/2021-01-14","UnitedKingdom/fake_96/2021","ncov","EPI_ISL_FAKE_96",NA,"2021-01-14","Europe","United Kingdom","Wales",NA,"Europe","United Kingdom","Wales","genome",NA,"Human",NA,NA,NA,NA,NA,NA,NA,NA,NA,NA,"2021-02-12",NA
"97","Canada/fake_97/2021/EPI_ISL_FAKE_97/2021-01-14","Canada/fake_97/2021","ncov","EPI_ISL_FAKE_97",NA,"2021-01-14","North America","Canada","Alberta",NA,"North America","Canada","Alberta","genome",NA,"Human",NA,NA,NA,NA,NA,NA,NA,NA,NA,NA,"2021-02-16",NA
"98","UnitedKingdom/fake_98/2021/EPI_ISL_FAKE_98/2021-01-15","UnitedKingdom/fake_98/2021","ncov","EPI_ISL_FAKE_98",NA,"2021-01-15","Europe","United Kingdom","England",NA,"Europe","United Kingdom","England","genome",NA,"Human",NA,NA,NA,NA,NA,NA,NA,NA,NA,NA,"2021-01-25",NA
"99","USA/fake_99/2021/EPI_ISL_FAKE_99/2021-01-15","USA/fake_99/2021","ncov","EPI_ISL_FAKE_99",NA,"2021-01-15","North America","USA","California",NA,"North America","USA","California","genome",NA,"Human",NA,NA,NA,NA,NA,NA,NA,NA,NA,NA,"2021-03-17",NA
"100","Canada/fake_100/2021/EPI_ISL_FAKE_100/2021-01-16","Canada/fake_100/2021","ncov","EPI_ISL_FAKE_100",NA,"2021-01-16","North America","Canada","Alberta",NA,"North America","Canada","Alberta","genome",NA,"Human",NA,NA,NA,NA,NA,NA,NA,NA,NA,NA,"2021-03-24",NA
"101","Canada/fake_101/2021/EPI_ISL_FAKE_101/2021-01-16","Canada/fake_101/2021","ncov","EPI_ISL_FAKE_101",NA,"2021-01-16","North America","Canada","Nova Scotia",NA,"North America","Canada","Nova Scotia","genome",NA,"Human",NA,NA,NA,NA,NA,NA,NA,NA,NA,NA,"2021-03-15",NA
"102","Canada/fake_102/2021/EPI_ISL_FAKE_102/2021-01-17","Canada/fake_102/2021","ncov","EPI_ISL_FAKE_102",NA,"2021-01-17","North America","Canada","Quebec",NA,"North America","Canada","Quebec","genome",NA,"Human",NA,NA,NA,NA,NA,NA,NA,NA,NA,NA,"2021-04-11",NA
"103","USA/fake_103/2021/EPI_ISL_FAKE_103/2021-01-17","USA/fake_103/2021","ncov","EPI_ISL_FAKE_103",NA,"2021-01-17","North America","USA","Utah",NA,"North America","USA","Utah","genome",NA,"Human",NA,NA,NA,NA,NA,NA,NA,NA,NA,NA,"2021-04-17",NA
"104","EquatorialGuinea/fake_104/2021/EPI_ISL_FAKE_104/2021-01-17","EquatorialGuinea/fake_104/2021","ncov","EPI_ISL_FAKE_104",NA,"2021-01-17","Africa","Equatorial Guinea","Litoral",NA,"Africa","Equatorial Guinea","Litoral","genome",NA,"Human",NA,NA,NA,NA,NA,NA,NA,NA,NA,NA,"2021-02-09",NA
"105","Australia/fake_105/2021/EPI_ISL_FAKE_105/2021-01-17","Australia/fake_105/2021","ncov","EPI_ISL_FAKE_105",NA,"2021-01-17","Oceania","Australia","New South Wales",NA,"Oceania","Australia","New South Wales","genome",NA,"Human",NA,NA,NA,NA,NA,NA,NA,NA,NA,NA,"2021-01-28",NA
"106","Canada/fake_106/2021/EPI_ISL_FAKE_106/2021-01-17","Canada/fake_106/2021","ncov","EPI_ISL_FAKE_106",NA,"2021-01-17","North America","Canada","Ontario",NA,"North America","Canada","Ontario","genome",NA,"Human",NA,NA,NA,NA,NA,NA,NA,NA,NA,NA,"2021-03-10",NA
"107","UnitedArabEmirates/fake_107/2021/EPI_ISL_FAKE_107/2021-01-18","UnitedArabEmirates/fake_107/2021","ncov","EPI_ISL_FAKE_107",NA,"2021-01-18","Asia","United Arab Emirates","Abu Dhabi",NA,"Asia","United Arab Emirates","Abu Dhabi","genome",NA,"Human",NA,NA,NA,NA,NA,NA,NA,NA,NA,NA,"2021-04-21",NA
"108","UnitedKingdom/fake_108/2021/EPI_ISL_FAKE_108/2021-01-19","UnitedKingdom/fake_108/2021","ncov","EPI_ISL_FAKE_108",NA,"2021-01-19","Europe","United Kingdom","England",NA,"Europe","United Kingdom","England","genome",NA,"Human",NA,NA,NA,NA,NA,NA,NA,NA,NA,NA,"2021-04-14",NA
"109","Canada/fake_109/2021/EPI_ISL_FAKE_109/2021-01-19","Canada/fake_109/2021","ncov","EPI_ISL_FAKE_109",NA,"2021-01-19","North America","Canada","Ontario",NA,"North America","Canada","Ontario","genome",NA,"Human",NA,NA,NA,NA,NA,NA,NA,NA,NA,NA,"2021-01-21",NA
"110","USA/fake_110/2021/EPI_ISL_FAKE_110/2021-01-19","USA/fake_110/2021","ncov","EPI_ISL_FAKE_110",NA,"2021-01-19","North America","USA","Alaska",NA,"North America","USA","Alaska","genome",NA,"Human",NA,NA,NA,NA,NA,NA,NA,NA,NA,NA,"2021-03-18",NA
"112","Spain/fake_112/2021/EPI_ISL_FAKE_112/2021-01-21","Spain/fake_112/2021","ncov","EPI_ISL_FAKE_112",NA,"2021-01-21","Europe","Spain","Aragon",NA,"Europe","Spain","Aragon","genome",NA,"Human",NA,NA,NA,NA,NA,NA,NA,NA,NA,NA,"2021-03-04",NA
"113","USA/fake_113/2021/EPI_ISL_FAKE_113/2021-01-21","USA/fake_113/2021","ncov","EPI_ISL_FAKE_113",NA,"2021-01-21","North America","USA","California",NA,"North America","USA","California","genome",NA,"Human",NA,NA,NA,NA,NA,NA,NA,NA,NA,NA,"2021-04-04",NA
"114","Canada/fake_114/2021/EPI_ISL_FAKE_114/2021-01","Canada/fake_114/2021","ncov","EPI_ISL_FAKE_114",NA,"2021-01","North America","Canada","Quebec",NA,"North America","Canada","Quebec","genome",NA,"Human",NA,NA,NA,NA,NA,NA,NA,NA,NA,NA,"2021-04-02",NA
"115","Canada/fake_115/2021/EPI_ISL_FAKE_115/2021-01-22","Canada/fake_115/2021","ncov","EPI_ISL_FAKE_115",NA,"2021-01-22","North America","Canada","Manitoba",NA,"North America","Canada","Manitoba","genome",NA,"Human",NA,NA,NA,NA,NA,NA,NA,NA,NA,NA,"2021-03-28",NA
"116","Switzerland/fake_116/2021/EPI_ISL_FAKE_116/2021-01-22","Switzerland/fake_116/2021","ncov","EPI_ISL_FAKE_116",NA,"2021-01-22","Europe","Switzerland","Basel-Land",NA,"Europe","Switzerland","Basel-Land","genome",NA,"Human",NA,NA,NA,NA,NA,NA,NA,NA,NA,NA,"2021-04-13",NA
"117","Canada/fake_117/2021/EPI_ISL_FAKE_117/2021-01-22","Canada/fake_117/2021","ncov","EPI_ISL_FAKE_117",NA,"2021-01-22","North America","Canada","Quebec",NA,"North America","Canada","Quebec","genome",NA,"Human",NA,NA,NA,NA,NA,NA,NA,NA,NA,NA,"2021-04-18",NA
"118","USA/fake_118/2021/EPI_ISL_FAKE_118/2021-01-23","USA/fake_118/2021","ncov","EPI_ISL_FAKE_118",NA,"2021-01-23","North America","USA","Oregon",NA,"North America","USA","Oregon","genome",NA,"Human",NA,NA,NA,NA,NA,NA,NA,NA,NA,NA,"2021-02-12",NA
"119","UnitedKingdom/fake_119/2021/EPI_ISL_FAKE_119/2021-01-23","UnitedKingdom/fake_119/2021","ncov","EPI_ISL_FAKE_119",NA,"2021-01-23","Europe","United Kingdom","England",NA,"Europe","United Kingdom","England","genome",NA,"Human",NA,NA,NA,NA,NA,NA,NA,NA,NA,NA,"2021-03-19",NA
"120","France/fake_120/2021/EPI_ISL_FAKE_120/2021-01-23","France/fake_120/2021","ncov","EPI_ISL_FAKE_120",NA,"2021-01-23","Europe","France","Auvergne-Rh么ne-Alpes",NA,"Europe","France","Auvergne-Rh么ne-Alpes","genome",NA,"Human",NA,NA,NA,NA,NA,NA,NA,NA,NA,NA,"2021-02-08",NA
"121","UnitedKingdom/fake_121/2021/EPI_ISL_FAKE_121/2021-01-23","UnitedKingdom/fake_121/2021","ncov","EPI_ISL_FAKE_121",NA,"2021-01-23","Europe","United Kingdom","England",NA,"Europe","United Kingdom","England","genome",NA,"Human",NA,NA,NA,NA,NA,NA,NA,NA,NA,NA,"2021-04-01",NA
"122","USA/fake_122/2021/EPI_ISL_FAKE_122/2021-01-23","USA/fake_122/2021","ncov","EPI_ISL_FAKE_122",NA,"2021-01-23","North America","USA","Wisconsin",NA,"North America","USA","Wisconsin","genome",NA,"Human",NA,NA,NA,NA,NA,NA,NA,NA,NA,NA,"2021-01-27",NA
"123","UnitedKingdom/fake_123/2021/EPI_ISL_FAKE_123/2021-01-24","UnitedKingdom/fake_123/2021","ncov","EPI_ISL_FAKE_123",NA,"2021-01-24","Europe","United Kingdom","England",NA,"Europe","United Kingdom","England","genome",NA,"Human",NA,NA,NA,NA,NA,NA,NA,NA,NA,NA,"2021-03-29",NA
"124","UnitedKingdom/fake_124/2021/EPI_ISL_FAKE_124/2021-01-24","UnitedKingdom/fake_124/2021","ncov","EPI_ISL_FAKE_124",NA,"2021-01-24","Europe","United Kingdom","Scotland",NA,"Europe","United Kingdom","Scotland","genome",NA,"Human",NA,NA,NA,NA,NA,NA,NA,NA,NA,NA,"2021-03-20",NA
"125","Canada/fake_125/2021/EPI_ISL_FAKE_125/2021-01-24","Canada/fake_125/2021","ncov","EPI_ISL_FAKE_125",NA,"2021-01-24","North America","Canada","Ontario",NA,"North America","Canada","Ontario","genome",NA,"Human",NA,NA,NA,NA,NA,NA,NA,NA,NA,NA,"2021-03-06",NA
"126","Canada/fake_126/2021/EPI_ISL_FAKE_126/2021-01-25","Canada/fake_126/2021","ncov","EPI_ISL_FAKE_126",NA,"2021-01-25","North America","Canada","Ontario",NA,"North America","Canada","Ontario","genome",NA,"Human",NA,NA,NA,NA,NA,NA,NA,NA,NA,NA,"2021-04-19",NA
"127","Canada/fake_127/2021/EPI_ISL_FAKE_127/2021-01-25","Canada/fake_127/2021","ncov","EPI_ISL_FAKE_127",NA,"2021-01-25","North America","Canada","Ontario",NA,"North America","Canada","Ontario","genome",NA,"Human",NA,NA,NA,NA,NA,NA,NA,NA,NA,NA,"2021-03-26",NA
"128","Canada/fake_128/2021/EPI_ISL_FAKE_128/2021-01-25","Canada/fake_128/2021","ncov","EPI_ISL_FAKE_128",NA,"2021-01-25","North America","Canada","Quebec",NA,"North America","Canada","Quebec","genome",NA,"Human",NA,NA,NA,NA,NA,NA,NA,NA,NA,NA,"2021-02-26",NA
"129","Russia/fake_129/2021/EPI_ISL_FAKE_129/2021-01-26","Russia/fake_129/2021","ncov","EPI_ISL_FAKE_129",NA,"2021-01-26","Europe","Russia","Saint-Petersburg",NA,"Europe","Russia","Saint-Petersburg","genome",NA,"Human",NA,NA,NA,NA,NA,NA,NA,NA,NA,NA,"2021-02-25",NA
"131","India/fake_131/2021/EPI_ISL_FAKE_131/2021-01-26","India/fake_131/2021","ncov","EPI_ISL_FAKE_131",NA,"2021-01-26","Asia","India","Telangana",NA,"Asia","India","Telangana","genome",NA,"Human",NA,NA,NA,NA,NA,NA,NA,NA,NA,NA,"2021-03-10",NA
"132","Italy/fake_132/2021/EPI_ISL_FAKE_132/2021-01-26","Italy/fake_132/2021","ncov","EPI_ISL_FAKE_132",NA,"2021-01-26","Europe","Italy","Campania",NA,"Europe","Italy","Campania","genome",NA,"Human",NA,NA,NA,NA,NA,NA,NA,NA,NA,NA,"2021-02-12",NA
"133","UnitedKingdom/fake_133/2021/EPI_ISL_FAKE_133/2021-01-26","UnitedKingdom/fake_133/2021","ncov","EPI_ISL_FAKE_133",NA,"2021-01-26","Europe","United Kingdom","Scotland",NA,"Europe","United Kingdom","Scotland","genome",NA,"Human",NA,NA,NA,NA,NA,NA,NA,NA,NA,NA,"2021-04-15",NA
"134","Canada/fake_134/2021/EPI_ISL_FAKE_134/2021-01-27","Canada/fake_134/2021","ncov","EPI_ISL_FAKE_134",NA,"2021-01-27","North America","Canada","Manitoba",NA,"North America","Canada","Manitoba","genome",NA,"Human",NA,NA,NA,NA,NA,NA,NA,NA,NA,NA,"2021-02-14",NA
"135","Canada/fake_135/2021/EPI_ISL_FAKE_135/2021-01-28","Canada/fake_135/2021","ncov","EPI_ISL_FAKE_135",NA,"2021-01-28","North America","Canada","Manitoba",NA,"North America","Canada","Manitoba","genome",NA,"Human",NA,NA,NA,NA,NA,NA,NA,NA,NA,NA,"2021-04-18",NA
"136","Denmark/fake_136/2021/EPI_ISL_FAKE_136/2021-01-28","Denmark/fake_136/2021","ncov","EPI_ISL_FAKE_136",NA,"2021-01-28","Europe","Denmark","Hovedstaden",NA,"Europe","Denmark","Hovedstaden","genome",NA,"Human",NA,NA,NA,NA,NA,NA,NA,NA,NA,NA,"2021-04-16",NA
"137","UnitedKingdom/fake_137/2021/EPI_ISL_FAKE_137/2021-01-29","UnitedKingdom/fake_137/2021","ncov","EPI_ISL_FAKE_137",NA,"2021-01-29","Europe","United Kingdom","England",NA,"Europe","United Kingdom","England","genome",NA,"Human",NA,NA,NA,NA,NA,NA,NA,NA,NA,NA,"2021-04-02",NA
"138","UnitedKingdom/fake_138/2021/EPI_ISL_FAKE_138/2021-01-29","UnitedKingdom/fake_138/2021","ncov","EPI_ISL_FAKE_138",NA,"2021-01-29","Europe","United Kingdom","England",NA,"Europe","United Kingdom","England","genome",NA,"Human",NA,NA,NA,NA,NA,NA,NA,NA,NA,NA,"2021-03-20",NA
"139","UnitedKingdom/fake_139/2021/EPI_ISL_FAKE_139/2021-01-29","UnitedKingdom/fake_139/2021","ncov","EPI_ISL_FAKE_139",NA,"2021-01-29","Europe","United Kingdom","England",NA,"Europe","United Kingdom","England","genome",NA,"Human",NA,NA,NA,NA,NA,NA,NA,NA,NA,NA,"2021-04-16",NA
"140","UnitedKingdom/fake_140/2021/EPI_ISL_FAKE_140/2021-01-29","UnitedKingdom/fake_140/2021","ncov","EPI_ISL_FAKE_140",NA,"2021-01-29","Europe","United Kingdom","England",NA,"Europe","United Kingdom","England","genome",NA,"Human",NA,NA,NA,NA,NA,NA,NA,NA,NA,NA,"2021-04-10",NA
"141","UnitedKingdom/fake_141/2021/EPI_ISL_FAKE_141/2021-01-29","UnitedKingdom/fake_141/2021","ncov","EPI_ISL_FAKE_141",NA,"2021-01-29","Europe","United Kingdom","England",NA,"Europe","United Kingdom","England","genome",NA,"Human",NA,NA,NA,NA,NA,NA,NA,NA,NA,NA,"2021-02-20",NA
"142","USA/fake_142/2021/EPI_ISL_FAKE_142/2021-01-29","USA/fake_142/2021","ncov","EPI_ISL_FAKE_142",NA,"2021-01-29","North America","USA","New York",NA,"North America","USA","New York","genome",NA,"Human",NA,NA,NA,NA,NA,NA,NA,NA,NA,NA,"2021-02-26",NA
"143","UnitedKingdom/fake_143/2021/EPI_ISL_FAKE_143/2021-01-30","UnitedKingdom/fake_143/2021","ncov","EPI_ISL_FAKE_143",NA,"2021-01-30","Europe","United Kingdom","Wales",NA,"Europe","United Kingdom","Wales","genome",NA,"Human",NA,NA,NA,NA,NA,NA,NA,NA,NA,NA,"2021-03-23",NA
"144","USA/fake_144/2021/EPI_ISL_FAKE_144/2021-01-30","USA/fake_144/2021","ncov","EPI_ISL_FAKE_144",NA,"2021-01-30","North America","USA","Virginia",NA,"North America","USA","Virginia","genome",NA,"Human",NA,NA,NA,NA,NA,NA,NA,NA,NA,NA,"2021-03-05",NA
"145","UnitedKingdom/fake_145/2021/EPI_ISL_FAKE_145/2021-01-31","UnitedKingdom/fake_145/2021","ncov","EPI_ISL_FAKE_145",NA,"2021-01-31","Europe","United Kingdom","England",NA,"Europe","United Kingdom","England","genome",NA,"Human",NA,NA,NA,NA,NA,NA,NA,NA,NA,NA,"2021-03-06",NA
"146","Canada/fake_146/2021/EPI_ISL_FAKE_146/2021-02-01","Canada/fake_146/2021","ncov","EPI_ISL_FAKE_146",NA,"2021-02-01","North America","Canada","Ontario",NA,"North America","Canada","Ontario","genome",NA,"Human",NA,NA,NA,NA,NA,NA,NA,NA,NA,NA,"2021-03-15",NA
"147","Canada/fake_147/2021/EPI_ISL_FAKE_147/2021-02-01","Canada/fake_147/2021","ncov","EPI_ISL_FAKE_147",NA,"2021-02-01","North America","Canada","Ontario",NA,"North America","Canada","Ontario","genome",NA,"Human",NA,NA,NA,NA,NA,NA,NA,NA,NA,NA,"2021-03-13",NA
"148","Canada/fake_148/2021/EPI_ISL_FAKE_148/2021-02-02","Canada/fake_148/2021","ncov","EPI_ISL_FAKE_148",NA,"2021-02-02","North America","Canada","Ontario",NA,"North America","Canada","Ontario","genome",NA,"Human",NA,NA,NA,NA,NA,NA,NA,NA,NA,NA,"2021-05-06",NA
"149","UnitedKingdom/fake_149/2021/EPI_ISL_FAKE_149/2021-02-02","UnitedKingdom/fake_149/2021","ncov","EPI_ISL_FAKE_149",NA,"2021-02-02","Europe","United Kingdom","England",NA,"Europe","United Kingdom","England","genome",NA,"Human",NA,NA,NA,NA,NA,NA,NA,NA,NA,NA,"2021-05-13",NA
"150","UnitedKingdom/fake_150/2021/EPI_ISL_FAKE_150/2021-02-02","UnitedKingdom/fake_150/2021","ncov","EPI_ISL_FAKE_150",NA,"2021-02-02","Europe","United Kingdom","England",NA,"Europe","United Kingdom","England","genome",NA,"Human",NA,NA,NA,NA,NA,NA,NA,NA,NA,NA,"2021-02-26",NA
"151","UnitedKingdom/fake_151/2021/EPI_ISL_FAKE_151/2021-02-02","UnitedKingdom/fake_151/2021","ncov","EPI_ISL_FAKE_151",NA,"2021-02-02","Europe","United Kingdom","England",NA,"Europe","United Kingdom","England","genome",NA,"Human",NA,NA,NA,NA,NA,NA,NA,NA,NA,NA,"2021-03-28",NA
"152","UnitedKingdom/fake_152/2021/EPI_ISL_FAKE_152/2021-02-02","UnitedKingdom/fake_152/2021","ncov","EPI_ISL_FAKE_152",NA,"2021-02-02","Europe","United Kingdom","Wales",NA,"Europe","United Kingdom","Wales","genome",NA,"Human",NA,NA,NA,NA,NA,NA,NA,NA,NA,NA,"2021-05-04",NA
"153","UnitedKingdom/fake_153/2021/EPI_ISL_FAKE_153/2021-02-02","UnitedKingdom/fake_153/2021","ncov","EPI_ISL_FAKE_153",NA,"2021-02-02","Europe","United Kingdom","England",NA,"Europe","United Kingdom","England","genome",NA,"Human",NA,NA,NA,NA,NA,NA,NA,NA,NA,NA,"2021-05-01",NA
"154","UnitedKingdom/fake_154/2021/EPI_ISL_FAKE_154/2021-02-02","UnitedKingdom/fake_154/2021","ncov","EPI_ISL_FAKE_154",NA,"2021-02-02","Europe","United Kingdom","England",NA,"Europe","United Kingdom","England","genome",NA,"Human",NA,NA,NA,NA,NA,NA,NA,NA,NA,NA,"2021-05-02",NA
"156","UnitedKingdom/fake_156/2021/EPI_ISL_FAKE_156/2021-02-02","UnitedKingdom/fake_156/2021","ncov","EPI_ISL_FAKE_156",NA,"2021-02-02","Europe","United Kingdom","England",NA,"Europe","United Kingdom","England","genome",NA,"Human",NA,NA,NA,NA,NA,NA,NA,NA,NA,NA,"2021-04-16",NA
"157","Luxembourg/fake_157/2021/EPI_ISL_FAKE_157/2021-02-03","Luxembourg/fake_157/2021","ncov","EPI_ISL_FAKE_157",NA,"2021-02-03","Europe","Luxembourg","Luxembourg",NA,"Europe","Luxembourg","Luxembourg","genome",NA,"Human",NA,NA,NA,NA,NA,NA,NA,NA,NA,NA,"2021-03-19",NA
"158","Denmark/fake_158/2021/EPI_ISL_FAKE_158/2021-02-04","Denmark/fake_158/2021","ncov","EPI_ISL_FAKE_158",NA,"2021-02-04","Europe","Denmark","Nordjylland",NA,"Europe","Denmark","Nordjylland","genome",NA,"Human",NA,NA,NA,NA,NA,NA,NA,NA,NA,NA,"2021-04-05",NA
"159","UnitedKingdom/fake_159/2021/EPI_ISL_FAKE_159/2021-02-04","UnitedKingdom/fake_159/2021","ncov","EPI_ISL_FAKE_159",NA,"2021-02-04","Europe","United Kingdom","England",NA,"Europe","United Kingdom","England","genome",NA,"Human",NA,NA,NA,NA,NA,NA,NA,NA,NA,NA,"2021-05-09",NA
"160","Canada/fake_160/2021/EPI_ISL_FAKE_160/2021-02-04","Canada/fake_160/2021","ncov","EPI_ISL_FAKE_160",NA,"2021-02-04","North America","Canada","Ontario",NA,"North America","Canada","Ontario","genome",NA,"Human",NA,NA,NA,NA,NA,NA,NA,NA,NA,NA,"2021-03-10",NA
"161","Canada/fake_161/2021/EPI_ISL_FAKE_161/2021-02-05","Canada/fake_161/2021","ncov","EPI_ISL_FAKE_161",NA,"2021-02-05","North America","Canada","Ontario",NA,"North America","Canada","Ontario","genome",NA,"Human",NA,NA,NA,NA,NA,NA,NA,NA,NA,NA,"2021-05-02",NA
"162","Canada/fake_162/2021/EPI_ISL_FAKE_162/2021-02-05","Canada/fake_162/2021","ncov","EPI_ISL_FAKE_162",NA,"2021-02-05","North America","Canada","Ontario",NA,"North America","Canada","Ontario","genome",NA,"Human",NA,NA,NA,NA,NA,NA,NA,NA,NA,NA,"2021-02-20",NA
"163","Canada/fake_163/2021/EPI_ISL_FAKE_163/2021-02-05","Canada/fake_163/2021","ncov","EPI_ISL_FAKE_163",NA,"2021-02-05","North America","Canada","Ontario",NA,"North America","Canada","Ontario","genome",NA,"Human",NA,NA,NA,NA,NA,NA,NA,NA,NA,NA,"2021-04-26",NA
"164","Canada/fake_164/2021/EPI_ISL_FAKE_164/2021-02-06","Canada/fake_164/2021","ncov","EPI_ISL_FAKE_164",NA,"2021-02-06","North America","Canada","Ontario",NA,"North America","Canada","Ontario","genome",NA,"Human",NA,NA,NA,NA,NA,NA,NA,NA,NA,NA,"2021-02-19",NA
"165","Canada/fake_165/2021/EPI_ISL_FAKE_165/2021-02-06","Canada/fake_165/2021","ncov","EPI_ISL_FAKE_165",NA,"2021-02-06","North America","Canada","Ontario",NA,"North America","Canada","Ontario","genome",NA,"Human",NA,NA,NA,NA,NA,NA,NA,NA,NA,NA,"2021-02-08",NA
"166","Canada/fake_166/2021/EPI_ISL_FAKE_166/2021-02-06","Canada/fake_166/2021","ncov","EPI_ISL_FAKE_166",NA,"2021-02-06","North America","Canada","Ontario",NA,"North America","Canada","Ontario","genome",NA,"Human",NA,NA,NA,NA,NA,NA,NA,NA,NA,NA,"2021-02-26",NA
"167","Canada/fake_167/2021/EPI_ISL_FAKE_167/2021-02-06","Canada/fake_167/2021","ncov","EPI_ISL_FAKE_167",NA,"2021-02-06","North America","Canada","Ontario",NA,"North America","Canada","Ontario","genome",NA,"Human",NA,NA,NA,NA,NA,NA,NA,NA,NA,NA,"2021-02-13",NA
"168","UnitedKingdom/fake_168/2021/EPI_ISL_FAKE_168/2021-02-07","UnitedKingdom/fake_168/2021","ncov","EPI_ISL_FAKE_168",NA,"2021-02-07","Europe","United Kingdom","England",NA,"Europe","United Kingdom","England","genome",NA,"Human",NA,NA,NA,NA,NA,NA,NA,NA,NA,NA,"2021-05-04",NA
"169","Canada/fake_169/2021/EPI_ISL_FAKE_169/2021-02-07","Canada/fake_169/2021","ncov","EPI_ISL_FAKE_169",NA,"2021-02-07","North America","Canada","Ontario",NA,"North America","Canada","Ontario","genome",NA,"Human",NA,NA,NA,NA,NA,NA,NA,NA,NA,NA,"2021-03-26",NA
"170","Canada/fake_170/2021/EPI_ISL_FAKE_170/2021-02","Canada/fake_170/2021","ncov","EPI_ISL_FAKE_170",NA,"2021-02","North America","Canada","Ontario",NA,"North America","Canada","Ontario","genome",NA,"Human",NA,NA,NA,NA,NA,NA,NA,NA,NA,NA,"2021-03-17",NA
"171","Canada/fake_171/2021/EPI_ISL_FAKE_171/2021-02-08","Canada/fake_171/2021","ncov","EPI_ISL_FAKE_171",NA,"2021-02-08","North America","Canada","Ontario",NA,"North America","Canada","Ontario","genome",NA,"Human",NA,NA,NA,NA,NA,NA,NA,NA,NA,NA,"2021-03-05",NA
"172","Canada/fake_172/2021/EPI_ISL_FAKE_172/2021-02-08","Canada/fake_172/2021","ncov","EPI_ISL_FAKE_172",NA,"2021-02-08","North America","Canada","Ontario",NA,"North America","Canada","Ontario","genome",NA,"Human",NA,NA,NA,NA,NA,NA,NA,NA,NA,NA,"2021-03-30",NA
"173","Canada/fake_173/2021/EPI_ISL_FAKE_173/2021-02-08","Canada/fake_173/2021","ncov","EPI_ISL_FAKE_173",NA,"2021-02-08","North America","Canada","Ontario",NA,"North America","Canada","Ontario","genome",NA,"Human",NA,NA,NA,NA,NA,NA,NA,NA,NA,NA,"2021-03-09",NA
"174","Canada/fake_174/2021/EPI_ISL_FAKE_174/2021-02-08","Canada/fake_174/2021","ncov","EPI_ISL_FAKE_174",NA,"2021-02-08","North America","Canada","Ontario",NA,"North America","Canada","Ontario","genome",NA,"Human",NA,NA,NA,NA,NA,NA,NA,NA,NA,NA,"2021-03-26",NA
"175","Canada/fake_175/2021/EPI_ISL_FAKE_175/2021-02-09","Canada/fake_175/2021","ncov","EPI_ISL_FAKE_175",NA,"2021-02-09","North America","Canada","Ontario",NA,"North America","Canada","Ontario","genome",NA,"Human",NA,NA,NA,NA,NA,NA,NA,NA,NA,NA,"2021-04-14",NA
"176","Canada/fake_176/2021/EPI_ISL_FAKE_176/2021-02-09","Canada/fake_176/2021","ncov","EPI_ISL_FAKE_176",NA,"2021-02-09","North America","Canada","Ontario",NA,"North America","Canada","Ontario","genome",NA,"Human",NA,NA,NA,NA,NA,NA,NA,NA,NA,NA,"2021-02-15",NA
"177","SouthAfrica/fake_177/2021/EPI_ISL_FAKE_177/2021-02-09","SouthAfrica/fake_177/2021","ncov","EPI_ISL_FAKE_177",NA,"2021-02-09","Africa","South Africa","Eastern Cape",NA,"Africa","South Africa","Eastern Cape","genome",NA,"Human",NA,NA,NA,NA,NA,NA,NA,NA,NA,NA,"2021-03-04",NA
"178","USA/fake_178/2021/EPI_ISL_FAKE_178/2021-02-09","USA/fake_178/2021","ncov","EPI_ISL_FAKE_178",NA,"2021-02-09","North America","USA","California",NA,"North America","USA","California","genome",NA,"Human",NA,NA,NA,NA,NA,NA,NA,NA,NA,NA,"2021-02-13",NA
"179","SouthAfrica/fake_179/2021/EPI_ISL_FAKE_179/2021-02-10","SouthAfrica/fake_179/2021","ncov","EPI_ISL_FAKE_179",NA,"2021-02-10","Africa","South Africa","Western Cape Province",NA,"Africa","South Africa","Western Cape Province","genome",NA,"Human",NA,NA,NA,NA,NA,NA,NA,NA,NA,NA,"2021-02-24",NA
"180","USA/fake_180/2021/EPI_ISL_FAKE_180/2021-02-10","USA/fake_180/2021","ncov","EPI_ISL_FAKE_180",NA,"2021-02-10","North America","USA","Michigan",NA,"North America","USA","Michigan","genome",NA,"Human",NA,NA,NA,NA,NA,NA,NA,NA,NA,NA,"2021-05-17",NA
"181","USA/fake_181/2021/EPI_ISL_FAKE_181/2021-02-10","USA/fake_181/2021","ncov","EPI_ISL_FAKE_181",NA,"2021-02-10","North America","USA","Massachusetts",NA,"North America","USA","Massachusetts","genome",NA,"Human",NA,NA,NA,NA,NA,NA,NA,NA,NA,NA,"2021-03-07",NA
"182","Denmark/fake_182/2021/EPI_ISL_FAKE_182/2021-02-10","Denmark/fake_182/2021","ncov","EPI_ISL_FAKE_182",NA,"2021-02-10","Europe","Denmark","Syddanmark",NA,"Europe","Denmark","Syddanmark","genome",NA,"Human",NA,NA,NA,NA,NA,NA,NA,NA,NA,NA,"2021-03-03",NA
"183","Denmark/fake_183/2021/EPI_ISL_FAKE_183/2021-02-11","Denmark/fake_183/2021","ncov","EPI_ISL_FAKE_183",NA,"2021-02-11","Europe","Denmark","Syddanmark",NA,"Europe","Denmark","Syddanmark","genome",NA,"Human",NA,NA,NA,NA,NA,NA,NA,NA,NA,NA,"2021-05-11",NA
"184","France/fake_184/2021/EPI_ISL_FAKE_184/2021-02-12","France/fake_184/2021","ncov","EPI_ISL_FAKE_184",NA,"2021-02-12","Europe","France","Ile de France",NA,"Europe","France","Ile de France","genome",NA,"Human",NA,NA,NA,NA,NA,NA,NA,NA,NA,NA,"2021-03-21",NA
"185","UnitedKingdom/fake_185/2021/EPI_ISL_FAKE_185/2021-02-12","UnitedKingdom/fake_185/2021","ncov","EPI_ISL_FAKE_185",NA,"2021-02-12","Europe","United Kingdom","England",NA,"Europe","United Kingdom","England","genome",NA,"Human",NA,NA,NA,NA,NA,NA,NA,NA,NA,NA,"2021-03-01",NA
"186","USA/fake_186/2021/EPI_ISL_FAKE_186/2021-02-12","USA/fake_186/2021","ncov","EPI_ISL_FAKE_186",NA,"2021-02-12","North America","USA","Washington",NA,"North America","USA","Washington","genome",NA,"Human",NA,NA,NA,NA,NA,NA,NA,NA,NA,NA,"2021-04-01",NA
"187","Denmark/fake_187/2021/EPI_ISL_FAKE_187/2021-02-12","Denmark/fake_187/2021","ncov","EPI_ISL_FAKE_187",NA,"2021-02-12","Europe","Denmark","Syddanmark",NA,"Europe","Denmark","Syddanmark","genome",NA,"Human",NA,NA,NA,NA,NA,NA,NA,NA,NA,NA,"2021-05-11",NA
"188","UnitedKingdom/fake_188/2021/EPI_ISL_FAKE_188/2021-02-12","UnitedKingdom/fake_188/2021","ncov","EPI_ISL_FAKE_188",NA,"2021-02-12","Europe","United Kingdom","England",NA,"Europe","United Kingdom","England","genome",NA,"Human",NA,NA,NA,NA,NA,NA,NA,NA,NA,NA,"2021-02-26",NA
"189","UnitedKingdom/fake_189/2021/EPI_ISL_FAKE_189/2021-02-13","UnitedKingdom/fake_189/2021","ncov","EPI_ISL_FAKE_189",NA,"2021-02-13","Europe","United Kingdom","England",NA,"Europe","United Kingdom","England","genome",NA,"Human",NA,NA,NA,NA,NA,NA,NA,NA,NA,NA,"2021-02-23",NA
"190","UnitedKingdom/fake_190/2021/EPI_ISL_FAKE_190/2021-02-13","UnitedKingdom/fake_190/2021","ncov","EPI_ISL_FAKE_190",NA,"2021-02-13","Europe","United Kingdom","England",NA,"Europe","United Kingdom","England","genome",NA,"Human",NA,NA,NA,NA,NA,NA,NA,NA,NA,NA,"2021-03-18",NA
"191","Canada/fake_191/2021/EPI_ISL_FAKE_191/2021-02-13","Canada/fake_191/2021","ncov","EPI_ISL_FAKE_191",NA,"2021-02-13","North America","Canada","Ontario",NA,"North America","Canada","Ontario","genome",NA,"Human",NA,NA,NA,NA,NA,NA,NA,NA,NA,NA,"2021-05-03",NA
"192","USA/fake_192/2021/EPI_ISL_FAKE_192/2021-02-13","USA/fake_192/2021","ncov","EPI_ISL_FAKE_192",NA,"2021-02-13","North America","USA","Utah",NA,"North America","USA","Utah","genome",NA,"Human",NA,NA,NA,NA,NA,NA,NA,NA,NA,NA,"2021-04-14",NA
"193","UnitedKingdom/fake_193/2021/EPI_ISL_FAKE_193/2021-02-15","UnitedKingdom/fake_193/2021","ncov","EPI_ISL_FAKE_193",NA,"2021-02-15","Europe","United Kingdom","England",NA,"Europe","United Kingdom","England","genome",NA,"Human",NA,NA,NA,NA,NA,NA,NA,NA,NA,NA,"2021-03-06",NA
"195","France/fake_195/2021/EPI_ISL_FAKE_195/2021-02-16","France/fake_195/2021","ncov","EPI_ISL_FAKE_195",NA,"2021-02-16","Europe","France","Pays de la Loire",NA,"Europe","France","Pays de la Loire","genome",NA,"Human",NA,NA,NA,NA,NA,NA,NA,NA,NA,NA,"2021-03-11",NA
"196","UnitedKingdom/fake_196/2021/EPI_ISL_FAKE_196/2021-02-16","UnitedKingdom/fake_196/2021","ncov","EPI_ISL_FAKE_196",NA,"2021-02-16","Europe","United Kingdom","England",NA,"Europe","United Kingdom","England","genome",NA,"Human",NA,NA,NA,NA,NA,NA,NA,NA,NA,NA,"2021-03-17",NA
"197","USA/fake_197/2021/EPI_ISL_FAKE_197/2021-02-17","USA/fake_197/2021","ncov","EPI_ISL_FAKE_197",NA,"2021-02-17","North America","USA","Michigan",NA,"North America","USA","Michigan","genome",NA,"Human",NA,NA,NA,NA,NA,NA,NA,NA,NA,NA,"2021-04-02",NA
"198","Singapore/fake_198/2021/EPI_ISL_FAKE_198/2021-02-18","Singapore/fake_198/2021","ncov","EPI_ISL_FAKE_198",NA,"2021-02-18","Asia","Singapore","Singapore",NA,"Asia","Singapore","Singapore","genome",NA,"Human",NA,NA,NA,NA,NA,NA,NA,NA,NA,NA,"2021-05-29",NA
"199","Denmark/fake_199/2021/EPI_ISL_FAKE_199/2021-02-18","Denmark/fake_199/2021","ncov","EPI_ISL_FAKE_199",NA,"2021-02-18","Europe","Denmark","Syddanmark",NA,"Europe","Denmark","Syddanmark","genome",NA,"Human",NA,NA,NA,NA,NA,NA,NA,NA,NA,NA,"2021-04-11",NA
"200","UnitedKingdom/fake_200/2021/EPI_ISL_FAKE_200/2021-02-18","UnitedKingdom/fake_200/2021","ncov","EPI_ISL_FAKE_200",NA,"2021-02-18","Europe","United Kingdom","England",NA,"Europe","United Kingdom","England","genome",NA,"Human",NA,NA,NA,NA,NA,NA,NA,NA,NA,NA,"2021-03-16",NA
"201","Denmark/fake_201/2021/EPI_ISL_FAKE_201/2021-02-18","Denmark/fake_201/2021","ncov","EPI_ISL_FAKE_201",NA,"2021-02-18","Europe","Denmark","Midtjylland",NA,"Europe","Denmark","Midtjylland","genome",NA,"Human",NA,NA,NA,NA,NA,NA,NA,NA,NA,NA,"2021-04-01",NA
