"","new.names","strain","virus","gisaid_epi_isl","genbank_accession","date","region","country","division","location","region_exposure","country_exposure","division_exposure","segment","length","host","sex","Nextstrain_clade","Lineage","GISAID_clade","originating_lab","submitting_lab","authors","url","title","paper_url","date_submitted","purpose_of_sequencing","month","n.cases","proportion.cases","n.sequence","proportion.sequence","probability","net.difference","fold.difference","overrep"
"1","Canada/fake_3/2020/EPI_ISL_FAKE_3/2020-07-13","Canada/fake_3/2020","ncov","EPI_ISL_FAKE_3",NA,"2020-07-13","North America","Canada","British Columbia",NA,"North America","Canada","British Columbia","genome",NA,"Human",NA,NA,NA,NA,NA,NA,NA,NA,NA,NA,"2020-07-31",NA,"2020-07",725,0.0598777667657747,1,1,0.0598777667657747,724,0.00137931034482759,16.7006896551724
"2","Canada/fake_4/2020/EPI_ISL_FAKE_4/2020-08-01","Canada/fake_4/2020","ncov","EPI_ISL_FAKE_4",NA,"2020-08-01","North America","Canada","British Columbia",NA,"North America","Canada","British Columbia","genome",NA,"Human",NA,NA,NA,NA,NA,NA,NA,NA,NA,NA,"2020-10-11",NA,"2020-08",2149,0.170069642291865,2,0.5,0.0850348211459323,2147,0.000930665425779432,2.93997208003723
"3","Canada/fake_5/2020/EPI_ISL_FAKE_5/2020-08-01","Canada/fake_5/2020","ncov","EPI_ISL_FAKE_5",NA,"2020-08-01","North America","Canada","Ontario",NA,"North America","Canada","Ontario","genome",NA,"Human",NA,NA,NA,NA,NA,NA,NA,NA,NA,NA,"2020-09-11",NA,"2020-08",3100,0.245330800886356,2,0.5,0.122665400443178,3098,0.000645161290322581,2.03806451612903
"4","Canada/fake_6/2020/EPI_ISL_FAKE_6/2020-08-03","Canada/fake_6/2020","ncov","EPI_ISL_FAKE_6",NA,"2020-08-03","North America","Canada","Ontario",NA,"North America","Canada","Ontario","genome",NA,"Human",NA,NA,NA,NA,NA,NA,NA,NA,NA,NA,"2020-10-18",NA,"2020-08",3100,0.245330800886356,2,0.5,0.122665400443178,3098,0.000645161290322581,2.03806451612903
"5","Canada/fake_8/2020/EPI_ISL_FAKE_8/2020-08-20","Canada/fake_8/2020","ncov","EPI_ISL_FAKE_8",NA,"2020-08-20","North America","Canada","British Columbia",NA,"Asia","Hong Kong","Hong Kong","genome",NA,"Human",NA,NA,NA,NA,NA,NA,NA,NA,NA,NA,"2020-08-27",NA,"2020-08",2149,0.170069642291865,2,0.5,0.0850348211459323,2147,0.000930665425779432,2.93997208003723
"6","Canada/fake_10/2020/EPI_ISL_FAKE_10/2020-10-01","Canada/fake_10/2020","ncov","EPI_ISL_FAKE_10",NA,"2020-10-01","North America","Canada","Quebec",NA,"North America","Canada","Quebec","genome",NA,"Human",NA,NA,NA,NA,NA,NA,NA,NA,NA,NA,"2020-12-23",NA,"2020-10",31728,0.413739144041937,4,0.666666666666667,0.103434786010484,31724,0.000126071608673727,1.6113212304589
"7","Canada/fake_12/2020/EPI_ISL_FAKE_12/2020-10-05","Canada/fake_12/2020","ncov","EPI_ISL_FAKE_12",NA,"2020-10-05","North America","Canada","Quebec",NA,"North America","Canada","Quebec","genome",NA,"Human",NA,NA,NA,NA,NA,NA,NA,NA,NA,NA,"2020-12-15",NA,"2020-10",31728,0.413739144041937,4,0.666666666666667,0.103434786010484,31724,0.000126071608673727,1.6113212304589
"8","Canada/fake_13/2020/EPI_ISL_FAKE_13/2020-10-10","Canada/fake_13/2020","ncov","EPI_ISL_FAKE_13",NA,"2020-10-10","North America","Canada","Quebec",NA,"North America","Canada","Quebec","genome",NA,"Human",NA,NA,NA,NA,NA,NA,NA,NA,NA,NA,"2020-11-09",NA,"2020-10",31728,0.413739144041937,4,0.666666666666667,0.103434786010484,31724,0.000126071608673727,1.6113212304589
"9","Canada/fake_16/2020/EPI_ISL_FAKE_16/2020-10-14","Canada/fake_16/2020","ncov","EPI_ISL_FAKE_16",NA,"2020-10-14","North America","Canada","Ontario",NA,"North America","Canada","Ontario","genome",NA,"Human",NA,NA,NA,NA,NA,NA,NA,NA,NA,NA,"2020-11-09",NA,"2020-10",24020,0.31322536056125,2,0.333333333333333,0.156612680280625,24018,8.32639467110741e-05,1.06419650291424
"10","Canada/fake_21/2020/EPI_ISL_FAKE_21/2020-10-26","Canada/fake_21/2020","ncov","EPI_ISL_FAKE_21",NA,"2020-10-26","North America","Canada","Quebec",NA,"North America","Canada","Quebec","genome",NA,"Human",NA,NA,NA,NA,NA,NA,NA,NA,NA,NA,"2021-02-03",NA,"2020-10",31728,0.413739144041937,4,0.666666666666667,0.103434786010484,31724,0.000126071608673727,1.6113212304589
"11","Canada/fake_25/2020/EPI_ISL_FAKE_25/2020-10-30","Canada/fake_25/2020","ncov","EPI_ISL_FAKE_25",NA,"2020-10-30","North America","Canada","Ontario",NA,"North America","Canada","Ontario","genome",NA,"Human",NA,NA,NA,NA,NA,NA,NA,NA,NA,NA,"2020-12-16",NA,"2020-10",24020,0.31322536056125,2,0.333333333333333,0.156612680280625,24018,8.32639467110741e-05,1.06419650291424
"12","Canada/fake_26/2020/EPI_ISL_FAKE_26/2020-11-02","Canada/fake_26/2020","ncov","EPI_ISL_FAKE_26",NA,"2020-11-02","North America","Canada","Nova Scotia",NA,"North America","Canada","Nova Scotia","genome",NA,"Human",NA,NA,NA,NA,NA,NA,NA,NA,NA,NA,"2021-01-15",NA,"2020-11",196,0.00137355898945303,2,0.181818181818182,0.000686779494726515,194,0.0102040816326531,132.37012987013
"13","Canada/fake_27/2020/EPI_ISL_FAKE_27/2020-11-05","Canada/fake_27/2020","ncov","EPI_ISL_FAKE_27",NA,"2020-11-05","North America","Canada","Quebec",NA,"North America","Canada","Quebec","genome",NA,"Human",NA,NA,NA,NA,NA,NA,NA,NA,NA,NA,"2020-12-23",NA,"2020-11",36355,0.254774168681453,5,0.454545454545455,0.0509548337362907,36350,0.000137532664007702,1.78411122641627
"14","Canada/fake_28/2020/EPI_ISL_FAKE_28/2020-11-05","Canada/fake_28/2020","ncov","EPI_ISL_FAKE_28",NA,"2020-11-05","North America","Canada","Quebec",NA,"North America","Canada","Quebec","genome",NA,"Human",NA,NA,NA,NA,NA,NA,NA,NA,NA,NA,"2020-11-11",NA,"2020-11",36355,0.254774168681453,5,0.454545454545455,0.0509548337362907,36350,0.000137532664007702,1.78411122641627
"15","Canada/fake_29/2020/EPI_ISL_FAKE_29/2020-11","Canada/fake_29/2020","ncov","EPI_ISL_FAKE_29",NA,"2020-11","North America","Canada","Quebec",NA,"North America","Canada","Quebec","genome",NA,"Human",NA,NA,NA,NA,NA,NA,NA,NA,NA,NA,"2021-01-27",NA,"2020-11",36355,0.254774168681453,5,0.454545454545455,0.0509548337362907,36350,0.000137532664007702,1.78411122641627
"16","Canada/fake_30/2020/EPI_ISL_FAKE_30/2020-11-12","Canada/fake_30/2020","ncov","EPI_ISL_FAKE_30",NA,"2020-11-12","North America","Canada","Newfoundland
and Labrador",NA,"North America","Canada","Newfoundland and Labrador","genome",NA,"Human",NA,NA,NA,NA,NA,NA,NA,NA,NA,NA,"2020-12-31",NA,"2020-11",47,0.000329373839307614,1,0.0909090909090909,0.000329373839307614,46,0.0212765957446809,276.00580270793
"17","Canada/fake_32/2020/EPI_ISL_FAKE_32/2020-11-16","Canada/fake_32/2020","ncov","EPI_ISL_FAKE_32",NA,"2020-11-16","North America","Canada","Ontario",NA,"North America","Canada","Ontario","genome",NA,"Human",NA,NA,NA,NA,NA,NA,NA,NA,NA,NA,"2021-01-25",NA,"2020-11",40762,0.285658222082063,1,0.0909090909090909,0.285658222082063,40761,2.45326529610912e-05,0.31824426493481
"18","Canada/fake_33/2020/EPI_ISL_FAKE_33/2020-11-19","Canada/fake_33/2020","ncov","EPI_ISL_FAKE_33",NA,"2020-11-19","North America","Canada","Manitoba",NA,"North America","Canada","Manitoba","genome",NA,"Human",NA,NA,NA,NA,NA,NA,NA,NA,NA,NA,"2020-12-19",NA,"2020-11",11102,0.0778023056168752,1,0.0909090909090909,0.0778023056168752,11101,9.00738605656638e-05,1.16846268485613
"19","Canada/fake_37/2020/EPI_ISL_FAKE_37/2020-11-24","Canada/fake_37/2020","ncov","EPI_ISL_FAKE_37",NA,"2020-11-24","North America","Canada","New Brunswick",NA,"North America","Canada","New Brunswick","genome",NA,"Human",NA,NA,NA,NA,NA,NA,NA,NA,NA,NA,"2021-01-18",NA,"2020-11",158,0.00110725673639581,1,0.0909090909090909,0.00110725673639581,157,0.00632911392405063,82.1029919447641
"20","Canada/fake_38/2020/EPI_ISL_FAKE_38/2020-11-28","Canada/fake_38/2020","ncov","EPI_ISL_FAKE_38",NA,"2020-11-28","North America","Canada","Nova Scotia",NA,"North America","Canada","Nova Scotia","genome",NA,"Human",NA,NA,NA,NA,NA,NA,NA,NA,NA,NA,"2021-02-23",NA,"2020-11",196,0.00137355898945303,2,0.181818181818182,0.000686779494726515,194,0.0102040816326531,132.37012987013
"21","Canada/fake_39/2020/EPI_ISL_FAKE_39/2020-11-28","Canada/fake_39/2020","ncov","EPI_ISL_FAKE_39",NA,"2020-11-28","North America","Canada","Quebec",NA,"North America","Canada","Quebec","genome",NA,"Human",NA,NA,NA,NA,NA,NA,NA,NA,NA,NA,"2021-01-13",NA,"2020-11",36355,0.254774168681453,5,0.454545454545455,0.0509548337362907,36350,0.000137532664007702,1.78411122641627
"22","Canada/fake_41/2020/EPI_ISL_FAKE_41/2020-11-29","Canada/fake_41/2020","ncov","EPI_ISL_FAKE_41",NA,"2020-11-29","North America","Canada","Quebec",NA,"North America","Canada","Quebec","genome",NA,"Human",NA,NA,NA,NA,NA,NA,NA,NA,NA,NA,"2021-02-16",NA,"2020-11",36355,0.254774168681453,5,0.454545454545455,0.0509548337362907,36350,0.000137532664007702,1.78411122641627
"23","Canada/fake_42/2020/EPI_ISL_FAKE_42/2020-12-01","Canada/fake_42/2020","ncov","EPI_ISL_FAKE_42",NA,"2020-12-01","North America","Canada","Quebec",NA,"North America","Canada","Quebec","genome",NA,"Human",NA,NA,NA,NA,NA,NA,NA,NA,NA,NA,"2020-12-30",NA,"2020-12",60270,0.296513858960357,12,0.48,0.0247094882466964,60258,0.000199104031856645,1.61881134892982
"24","Canada/fake_43/2020/EPI_ISL_FAKE_43/2020-12-02","Canada/fake_43/2020","ncov","EPI_ISL_FAKE_43",NA,"2020-12-02","North America","Canada","Quebec",NA,"North America","Canada","Quebec","genome",NA,"Human",NA,NA,NA,NA,NA,NA,NA,NA,NA,NA,"2021-01-24",NA,"2020-12",60270,0.296513858960357,12,0.48,0.0247094882466964,60258,0.000199104031856645,1.61881134892982
"25","Canada/fake_44/2020/EPI_ISL_FAKE_44/2020-12-05","Canada/fake_44/2020","ncov","EPI_ISL_FAKE_44",NA,"2020-12-05","North America","Canada","Quebec",NA,"North America","Canada","Quebec","genome",NA,"Human",NA,NA,NA,NA,NA,NA,NA,NA,NA,NA,"2021-01-18",NA,"2020-12",60270,0.296513858960357,12,0.48,0.0247094882466964,60258,0.000199104031856645,1.61881134892982
"26","Canada/fake_45/2020/EPI_ISL_FAKE_45/2020-12-07","Canada/fake_45/2020","ncov","EPI_ISL_FAKE_45",NA,"2020-12-07","North America","Canada","Quebec",NA,"North America","Canada","Quebec","genome",NA,"Human",NA,NA,NA,NA,NA,NA,NA,NA,NA,NA,"2021-01-20",NA,"2020-12",60270,0.296513858960357,12,0.48,0.0247094882466964,60258,0.000199104031856645,1.61881134892982
"27","Canada/fake_46/2020/EPI_ISL_FAKE_46/2020-12-09","Canada/fake_46/2020","ncov","EPI_ISL_FAKE_46",NA,"2020-12-09","North America","Canada","Quebec",NA,"North America","Canada","Quebec","genome",NA,"Human",NA,NA,NA,NA,NA,NA,NA,NA,NA,NA,"2021-02-24",NA,"2020-12",60270,0.296513858960357,12,0.48,0.0247094882466964,60258,0.000199104031856645,1.61881134892982
"28","Canada/fake_48/2020/EPI_ISL_FAKE_48/2020-12-12","Canada/fake_48/2020","ncov","EPI_ISL_FAKE_48",NA,"2020-12-12","North America","Canada","Quebec",NA,"North America","Canada","Quebec","genome",NA,"Human",NA,NA,NA,NA,NA,NA,NA,NA,NA,NA,"2021-03-19",NA,"2020-12",60270,0.296513858960357,12,0.48,0.0247094882466964,60258,0.000199104031856645,1.61881134892982
"29","Canada/fake_49/2020/EPI_ISL_FAKE_49/2020-12-12","Canada/fake_49/2020","ncov","EPI_ISL_FAKE_49",NA,"2020-12-12","North America","Canada","Ontario",NA,"North America","Canada","Ontario","genome",NA,"Human",NA,NA,NA,NA,NA,NA,NA,NA,NA,NA,"2021-02-20",NA,"2020-12",65667,0.323065796853322,4,0.16,0.0807664492133306,65663,6.09133963786986e-05,0.495255150989081
"30","Canada/fake_50/2020/EPI_ISL_FAKE_50/2020-12-12","Canada/fake_50/2020","ncov","EPI_ISL_FAKE_50",NA,"2020-12-12","North America","Canada","Ontario",NA,"North America","Canada","Ontario","genome",NA,"Human",NA,NA,NA,NA,NA,NA,NA,NA,NA,NA,"2020-12-19",NA,"2020-12",65667,0.323065796853322,4,0.16,0.0807664492133306,65663,6.09133963786986e-05,0.495255150989081
"31","Canada/fake_52/2020/EPI_ISL_FAKE_52/2020-12-13","Canada/fake_52/2020","ncov","EPI_ISL_FAKE_52",NA,"2020-12-13","North America","Canada","Quebec",NA,"North America","Canada","Quebec","genome",NA,"Human",NA,NA,NA,NA,NA,NA,NA,NA,NA,NA,"2020-12-20",NA,"2020-12",60270,0.296513858960357,12,0.48,0.0247094882466964,60258,0.000199104031856645,1.61881134892982
"32","Canada/fake_53/2020/EPI_ISL_FAKE_53/2020-12-14","Canada/fake_53/2020","ncov","EPI_ISL_FAKE_53",NA,"2020-12-14","North America","Canada","Quebec",NA,"North America","Canada","Quebec","genome",NA,"Human",NA,NA,NA,NA,NA,NA,NA,NA,NA,NA,"2021-02-13",NA,"2020-12",60270,0.296513858960357,12,0.48,0.0247094882466964,60258,0.000199104031856645,1.61881134892982
"33","Canada/fake_55/2020/EPI_ISL_FAKE_55/2020-12-14","Canada/fake_55/2020","ncov","EPI_ISL_FAKE_55",NA,"2020-12-14","North America","Canada","Quebec",NA,"North America","Canada","Quebec","genome",NA,"Human",NA,NA,NA,NA,NA,NA,NA,NA,NA,NA,"2021-02-22",NA,"2020-12",60270,0.296513858960357,12,0.48,0.0247094882466964,60258,0.000199104031856645,1.61881134892982
"34","Canada/fake_56/2020/EPI_ISL_FAKE_56/2020-12-15","Canada/fake_56/2020","ncov","EPI_ISL_FAKE_56",NA,"2020-12-15","North America","Canada","Quebec",NA,"North America","Canada","Quebec","genome",NA,"Human",NA,NA,NA,NA,NA,NA,NA,NA,NA,NA,"2021-01-20",NA,"2020-12",60270,0.296513858960357,12,0.48,0.0247094882466964,60258,0.000199104031856645,1.61881134892982
"35","Canada/fake_57/2020/EPI_ISL_FAKE_57/2020-12-17","Canada/fake_57/2020","ncov","EPI_ISL_FAKE_57",NA,"2020-12-17","North America","Canada","Quebec",NA,"North America","Canada","Quebec","genome",NA,"Human",NA,NA,NA,NA,NA,NA,NA,NA,NA,NA,"2021-02-01",NA,"2020-12",60270,0.296513858960357,12,0.48,0.0247094882466964,60258,0.000199104031856645,1.61881134892982
"36","Canada/fake_58/2020/EPI_ISL_FAKE_58/2020-12-18","Canada/fake_58/2020","ncov","EPI_ISL_FAKE_58",NA,"2020-12-18","North America","Canada","British Columbia",NA,"North America","Canada","British Columbia","genome",NA,"Human",NA,NA,NA,NA,NA,NA,NA,NA,NA,NA,"2021-03-19",NA,"2020-12",18752,0.0922553157993132,6,0.24,0.0153758859665522,18746,0.000319965870307167,2.60147610921502
"37","Canada/fake_59/2020/EPI_ISL_FAKE_59/2020-12-18","Canada/fake_59/2020","ncov","EPI_ISL_FAKE_59",NA,"2020-12-18","North America","Canada","British Columbia",NA,"North America","Canada","British Columbia","genome",NA,"Human",NA,NA,NA,NA,NA,NA,NA,NA,NA,NA,"2020-12-30",NA,"2020-12",18752,0.0922553157993132,6,0.24,0.0153758859665522,18746,0.000319965870307167,2.60147610921502
"38","Canada/fake_60/2020/EPI_ISL_FAKE_60/2020-12-18","Canada/fake_60/2020","ncov","EPI_ISL_FAKE_60",NA,"2020-12-18","North America","Canada","British Columbia",NA,"North America","Canada","British Columbia","genome",NA,"Human",NA,NA,NA,NA,NA,NA,NA,NA,NA,NA,"2021-03-20",NA,"2020-12",18752,0.0922553157993132,6,0.24,0.0153758859665522,18746,0.000319965870307167,2.60147610921502
"39","Canada/fake_61/2020/EPI_ISL_FAKE_61/2020-12-19","Canada/fake_61/2020","ncov","EPI_ISL_FAKE_61",NA,"2020-12-19","North America","Canada","British Columbia",NA,"North America","Canada","British Columbia","genome",NA,"Human",NA,NA,NA,NA,NA,NA,NA,NA,NA,NA,"2021-01-31",NA,"2020-12",18752,0.0922553157993132,6,0.24,0.0153758859665522,18746,0.000319965870307167,2.60147610921502
"40","Canada/fake_62/2020/EPI_ISL_FAKE_62/2020-12-22","Canada/fake_62/2020","ncov","EPI_ISL_FAKE_62",NA,"2020-12-22","North America","Canada","British Columbia",NA,"North America","Canada","British Columbia","genome",NA,"Human",NA,NA,NA,NA,NA,NA,NA,NA,NA,NA,"2021-01-11",NA,"2020-12",18752,0.0922553157993132,6,0.24,0.0153758859665522,18746,0.000319965870307167,2.60147610921502
"41","Canada/fake_63/2020/EPI_ISL_FAKE_63/2020-12-24","Canada/fake_63/2020","ncov","EPI_ISL_FAKE_63",NA,"2020-12-24","North America","Canada","Ontario",NA,"North America","Canada","Ontario","genome",NA,"Human",NA,NA,NA,NA,NA,NA,NA,NA,NA,NA,"2021-01-21",NA,"2020-12",65667,0.323065796853322,4,0.16,0.0807664492133306,65663,6.09133963786986e-05,0.495255150989081
"42","Canada/fake_64/2020/EPI_ISL_FAKE_64/2020-12-24","Canada/fake_64/2020","ncov","EPI_ISL_FAKE_64",NA,"2020-12-24","North America","Canada","British Columbia",NA,"North America","Canada","British Columbia","genome",NA,"Human",NA,NA,NA,NA,NA,NA,NA,NA,NA,NA,"2021-02-04",NA,"2020-12",18752,0.0922553157993132,6,0.24,0.0153758859665522,18746,0.000319965870307167,2.60147610921502
"43","Canada/fake_66/2020/EPI_ISL_FAKE_66/2020-12-24","Canada/fake_66/2020","ncov","EPI_ISL_FAKE_66",NA,"2020-12-24","North America","Canada","Alberta",NA,"North America","Canada","Alberta","genome",NA,"Human",NA,NA,NA,NA,NA,NA,NA,NA,NA,NA,"2021-02-22",NA,"2020-12",43451,0.21376843679586,2,0.08,0.10688421839793,43449,4.60288600952797e-05,0.37423672642747
"44","Canada/fake_67/2020/EPI_ISL_FAKE_67/2020-12-26","Canada/fake_67/2020","ncov","EPI_ISL_FAKE_67",NA,"2020-12-26","North America","Canada","Quebec",NA,"North America","Canada","Quebec","genome",NA,"Human",NA,NA,NA,NA,NA,NA,NA,NA,NA,NA,"2021-02-21",NA,"2020-12",60270,0.296513858960357,12,0.48,0.0247094882466964,60258,0.000199104031856645,1.61881134892982
"45","Canada/fake_68/2020/EPI_ISL_FAKE_68/2020-12-26","Canada/fake_68/2020","ncov","EPI_ISL_FAKE_68",NA,"2020-12-26","North America","Canada","Ontario",NA,"North America","Canada","Ontario","genome",NA,"Human",NA,NA,NA,NA,NA,NA,NA,NA,NA,NA,"2020-12-29",NA,"2020-12",65667,0.323065796853322,4,0.16,0.0807664492133306,65663,6.09133963786986e-05,0.495255150989081
"46","Canada/fake_72/2020/EPI_ISL_FAKE_72/2020-12-29","Canada/fake_72/2020","ncov","EPI_ISL_FAKE_72",NA,"2020-12-29","North America","Canada","Alberta",NA,"North America","Canada","Alberta","genome",NA,"Human",NA,NA,NA,NA,NA,NA,NA,NA,NA,NA,"2021-02-21",NA,"2020-12",43451,0.21376843679586,2,0.08,0.10688421839793,43449,4.60288600952797e-05,0.37423672642747
"47","Canada/fake_73/2020/EPI_ISL_FAKE_73/2020-12","Canada/fake_73/2020","ncov","EPI_ISL_FAKE_73",NA,"2020-12","North America","Canada","Nova Scotia",NA,"North America","Canada","Nova Scotia","genome",NA,"Human",NA,NA,NA,NA,NA,NA,NA,NA,NA,NA,"2021-03-22",NA,"2020-12",181,0.000890476331040726,1,0.04,0.000890476331040726,180,0.00552486187845304,44.9197790055249
"48","Canada/fake_74/2021/EPI_ISL_FAKE_74/2021-01-02","Canada/fake_74/2021","ncov","EPI_ISL_FAKE_74",NA,"2021-01-02","North America","Canada","Ontario",NA,"North America","Canada","Ontario","genome",NA,"Human",NA,NA,NA,NA,NA,NA,NA,NA,NA,NA,"2021-04-09",NA,"2021-01",86052,0.433616189305222,7,0.212121212121212,0.0619451699007461,86045,8.13461627852926e-05,0.489191172638391
"49","Canada/fake_75/2021/EPI_ISL_FAKE_75/2021-01","Canada/fake_75/2021","ncov","EPI_ISL_FAKE_75",NA,"2021-01","North America","Canada","Quebec",NA,"North America","Canada","Quebec","genome",NA,"Human",NA,NA,NA,NA,NA,NA,NA,NA,NA,NA,"2021-02-15",NA,"2021-01",59942,0.3020478503618,6,0.181818181818182,0.0503413083936334,59936,0.000100096760201528,0.601951583500414
"50","Canada/fake_76/2021/EPI_ISL_FAKE_76/2021-01-03","Canada/fake_76/2021","ncov","EPI_ISL_FAKE_76",NA,"2021-01-03","North America","Canada","Alberta",NA,"North America","Canada","Alberta","genome",NA,"Human",NA,NA,NA,NA,NA,NA,NA,NA,NA,NA,"2021-03-07",NA,"2021-01",22580,0.113780662326406,13,0.393939393939394,0.0087523586404928,22567,0.000575730735163862,3.46227017741632
"51","Canada/fake_77/2021/EPI_ISL_FAKE_77/2021-01-03","Canada/fake_77/2021","ncov","EPI_ISL_FAKE_77",NA,"2021-01-03","North America","Canada","Alberta",NA,"North America","Canada","Alberta","genome",NA,"Human",NA,NA,NA,NA,NA,NA,NA,NA,NA,NA,"2021-02-17",NA,"2021-01",22580,0.113780662326406,13,0.393939393939394,0.0087523586404928,22567,0.000575730735163862,3.46227017741632
"52","Canada/fake_78/2021/EPI_ISL_FAKE_78/2021-01-04","Canada/fake_78/2021","ncov","EPI_ISL_FAKE_78",NA,"2021-01-04","North America","Canada","Quebec",NA,"North America","Canada","Quebec","genome",NA,"Human",NA,NA,NA,NA,NA,NA,NA,NA,NA,NA,"2021-01-27",NA,"2021-01",59942,0.3020478503618,6,0.181818181818182,0.0503413083936334,59936,0.000100096760201528,0.601951583500414
"53","Canada/fake_79/2021/EPI_ISL_FAKE_79/2021-01-05","Canada/fake_79/2021","ncov","EPI_ISL_FAKE_79",NA,"2021-01-05","North America","Canada","Alberta",NA,"North America","Canada","Alberta","genome",NA,"Human",NA,NA,NA,NA,NA,NA,NA,NA,NA,NA,"2021-02-09",NA,"2021-01",22580,0.113780662326406,13,0.393939393939394,0.0087523586404928,22567,0.000575730735163862,3.46227017741632
"54","Canada/fake_80/2021/EPI_ISL_FAKE_80/2021-01-05","Canada/fake_80/2021","ncov","EPI_ISL_FAKE_80",NA,"2021-01-05","North America","Canada","Alberta",NA,"North America","Canada","Alberta","genome",NA,"Human",NA,NA,NA,NA,NA,NA,NA,NA,NA,NA,"2021-02-07",NA,"2021-01",22580,0.113780662326406,13,0.393939393939394,0.0087523586404928,22567,0.000575730735163862,3.46227017741632
"55","Canada/fake_81/2021/EPI_ISL_FAKE_81/2021-01-05","Canada/fake_81/2021","ncov","EPI_ISL_FAKE_81",NA,"2021-01-05","North America","Canada","Alberta",NA,"North America","Canada","Alberta","genome",NA,"Human",NA,NA,NA,NA,NA,NA,NA,NA,NA,NA,"2021-02-08",NA,"2021-01",22580,0.113780662326406,13,0.393939393939394,0.0087523586404928,22567,0.000575730735163862,3.46227017741632
"56","Canada/fake_82/2021/EPI_ISL_FAKE_82/2021-01-05","Canada/fake_82/2021","ncov","EPI_ISL_FAKE_82",NA,"2021-01-05","North America","Canada","Nova Scotia",NA,"North America","Canada","Nova Scotia","genome",NA,"Human",NA,NA,NA,NA,NA,NA,NA,NA,NA,NA,"2021-02-18",NA,"2021-01",94,0.000473666176203818,4,0.121212121212121,0.000118416544050954,90,0.0425531914893617,255.901998710509
"57","Canada/fake_83/2021/EPI_ISL_FAKE_83/2021-01-07","Canada/fake_83/2021","ncov","EPI_ISL_FAKE_83",NA,"2021-01-07","North America","Canada","Ontario",NA,"North America","Canada","Ontario","genome",NA,"Human",NA,NA,NA,NA,NA,NA,NA,NA,NA,NA,"2021-03-22",NA,"2021-01",86052,0.433616189305222,7,0.212121212121212,0.0619451699007461,86045,8.13461627852926e-05,0.489191172638391
"58","Canada/fake_84/2021/EPI_ISL_FAKE_84/2021-01-07","Canada/fake_84/2021","ncov","EPI_ISL_FAKE_84",NA,"2021-01-07","North America","Canada","Nova Scotia",NA,"North America","Canada","Nova Scotia","genome",NA,"Human",NA,NA,NA,NA,NA,NA,NA,NA,NA,NA,"2021-03-26",NA,"2021-01",94,0.000473666176203818,4,0.121212121212121,0.000118416544050954,90,0.0425531914893617,255.901998710509
"59","Canada/fake_85/2021/EPI_ISL_FAKE_85/2021-01-08","Canada/fake_85/2021","ncov","EPI_ISL_FAKE_85",NA,"2021-01-08","North America","Canada","Alberta",NA,"North America","Canada","Alberta","genome",NA,"Human",NA,NA,NA,NA,NA,NA,NA,NA,NA,NA,"2021-03-13",NA,"2021-01",22580,0.113780662326406,13,0.393939393939394,0.0087523586404928,22567,0.000575730735163862,3.46227017741632
"60","Canada/fake_86/2021/EPI_ISL_FAKE_86/2021-01-08","Canada/fake_86/2021","ncov","EPI_ISL_FAKE_86",NA,"2021-01-08","North America","Canada","Alberta",NA,"North America","Canada","Alberta","genome",NA,"Human",NA,NA,NA,NA,NA,NA,NA,NA,NA,NA,"2021-02-16",NA,"2021-01",22580,0.113780662326406,13,0.393939393939394,0.0087523586404928,22567,0.000575730735163862,3.46227017741632
"61","Canada/fake_87/2021/EPI_ISL_FAKE_87/2021-01-08","Canada/fake_87/2021","ncov","EPI_ISL_FAKE_87",NA,"2021-01-08","North America","Canada","Alberta",NA,"North America","Canada","Alberta","genome",NA,"Human",NA,NA,NA,NA,NA,NA,NA,NA,NA,NA,"2021-02-24",NA,"2021-01",22580,0.113780662326406,13,0.393939393939394,0.0087523586404928,22567,0.000575730735163862,3.46227017741632
"62","Canada/fake_88/2021/EPI_ISL_FAKE_88/2021-01-09","Canada/fake_88/2021","ncov","EPI_ISL_FAKE_88",NA,"2021-01-09","North America","Canada","Alberta",NA,"North America","Canada","Alberta","genome",NA,"Human",NA,NA,NA,NA,NA,NA,NA,NA,NA,NA,"2021-01-21",NA,"2021-01",22580,0.113780662326406,13,0.393939393939394,0.0087523586404928,22567,0.000575730735163862,3.46227017741632
"63","Canada/fake_90/2021/EPI_ISL_FAKE_90/2021-01-10","Canada/fake_90/2021","ncov","EPI_ISL_FAKE_90",NA,"2021-01-10","North America","Canada","Nova Scotia",NA,"North America","Canada","Nova Scotia","genome",NA,"Human",NA,NA,NA,NA,NA,NA,NA,NA,NA,NA,"2021-03-20",NA,"2021-01",94,0.000473666176203818,4,0.121212121212121,0.000118416544050954,90,0.0425531914893617,255.901998710509
"64","Canada/fake_91/2021/EPI_ISL_FAKE_91/2021-01-10","Canada/fake_91/2021","ncov","EPI_ISL_FAKE_91",NA,"2021-01-10","North America","Canada","Alberta",NA,"North America","Canada","Alberta","genome",NA,"Human",NA,NA,NA,NA,NA,NA,NA,NA,NA,NA,"2021-01-22",NA,"2021-01",22580,0.113780662326406,13,0.393939393939394,0.0087523586404928,22567,0.000575730735163862,3.46227017741632
"65","Canada/fake_93/2021/EPI_ISL_FAKE_93/2021-01-10","Canada/fake_93/2021","ncov","EPI_ISL_FAKE_93",NA,"2021-01-10","North America","Canada","Alberta",NA,"North America","Canada","Alberta","genome",NA,"Human",NA,NA,NA,NA,NA,NA,NA,NA,NA,NA,"2021-01-30",NA,"2021-01",22580,0.113780662326406,13,0.393939393939394,0.0087523586404928,22567,0.000575730735163862,3.46227017741632
"66","Canada/fake_97/2021/EPI_ISL_FAKE_97/2021-01-14","Canada/fake_97/2021","ncov","EPI_ISL_FAKE_97",NA,"2021-01-14","North America","Canada","Alberta",NA,"North America","Canada","Alberta","genome",NA,"Human",NA,NA,NA,NA,NA,NA,NA,NA,NA,NA,"2021-02-16",NA,"2021-01",22580,0.113780662326406,13,0.393939393939394,0.0087523586404928,22567,0.000575730735163862,3.46227017741632
"67","Canada/fake_100/2021/EPI_ISL_FAKE_100/2021-01-16","Canada/fake_100/2021","ncov","EPI_ISL_FAKE_100",NA,"2021-01-16","North America","Canada","Alberta",NA,"North America","Canada","Alberta","genome",NA,"Human",NA,NA,NA,NA,NA,NA,NA,NA,NA,NA,"2021-03-24",NA,"2021-01",22580,0.113780662326406,13,0.393939393939394,0.0087523586404928,22567,0.000575730735163862,3.46227017741632
"68","Canada/fake_101/2021/EPI_ISL_FAKE_101/2021-01-16","Canada/fake_101/2021","ncov","EPI_ISL_FAKE_101",NA,"2021-01-16","North America","Canada","Nova Scotia",NA,"North America","Canada","Nova Scotia","genome",NA,"Human",NA,NA,NA,NA,NA,NA,NA,NA,NA,NA,"2021-03-15",NA,"2021-01",94,0.000473666176203818,4,0.121212121212121,0.000118416544050954,90,0.0425531914893617,255.901998710509
"69","Canada/fake_102/2021/EPI_ISL_FAKE_102/2021-01-17","Canada/fake_102/2021","ncov","EPI_ISL_FAKE_102",NA,"2021-01-17","North America","Canada","Quebec",NA,"North America","Canada","Quebec","genome",NA,"Human",NA,NA,NA,NA,NA,NA,NA,NA,NA,NA,"2021-04-11",NA,"2021-01",59942,0.3020478503618,6,0.181818181818182,0.0503413083936334,59936,0.000100096760201528,0.601951583500414
"70","Canada/fake_106/2021/EPI_ISL_FAKE_106/2021-01-17","Canada/fake_106/2021","ncov","EPI_ISL_FAKE_106",NA,"2021-01-17","North America","Canada","Ontario",NA,"North America","Canada","Ontario","genome",NA,"Human",NA,NA,NA,NA,NA,NA,NA,NA,NA,NA,"2021-03-10",NA,"2021-01",86052,0.433616189305222,7,0.212121212121212,0.0619451699007461,86045,8.13461627852926e-05,0.489191172638391
"71","Canada/fake_109/2021/EPI_ISL_FAKE_109/2021-01-19","Canada/fake_109/2021","ncov","EPI_ISL_FAKE_109",NA,"2021-01-19","North America","Canada","Ontario",NA,"North America","Canada","Ontario","genome",NA,"Human",NA,NA,NA,NA,NA,NA,NA,NA,NA,NA,"2021-01-21",NA,"2021-01",86052,0.433616189305222,7,0.212121212121212,0.0619451699007461,86045,8.13461627852926e-05,0.489191172638391
"72","Canada/fake_114/2021/EPI_ISL_FAKE_114/2021-01","Canada/fake_114/2021","ncov","EPI_ISL_FAKE_114",NA,"2021-01","North America","Canada","Quebec",NA,"North America","Canada","Quebec","genome",NA,"Human",NA,NA,NA,NA,NA,NA,NA,NA,NA,NA,"2021-04-02",NA,"2021-01",59942,0.3020478503618,6,0.181818181818182,0.0503413083936334,59936,0.000100096760201528,0.601951583500414
"73","Canada/fake_115/2021/EPI_ISL_FAKE_115/2021-01-22","Canada/fake_115/2021","ncov","EPI_ISL_FAKE_115",NA,"2021-01-22","North America","Canada","Manitoba",NA,"North America","Canada","Manitoba","genome",NA,"Human",NA,NA,NA,NA,NA,NA,NA,NA,NA,NA,"2021-03-28",NA,"2021-01",4864,0.0245097051176103,3,0.0909090909090909,0.0081699017058701,4861,0.000616776315789474,3.70910586124402
"74","Canada/fake_117/2021/EPI_ISL_FAKE_117/2021-01-22","Canada/fake_117/2021","ncov","EPI_ISL_FAKE_117",NA,"2021-01-22","North America","Canada","Quebec",NA,"North America","Canada","Quebec","genome",NA,"Human",NA,NA,NA,NA,NA,NA,NA,NA,NA,NA,"2021-04-18",NA,"2021-01",59942,0.3020478503618,6,0.181818181818182,0.0503413083936334,59936,0.000100096760201528,0.601951583500414
"75","Canada/fake_125/2021/EPI_ISL_FAKE_125/2021-01-24","Canada/fake_125/2021","ncov","EPI_ISL_FAKE_125",NA,"2021-01-24","North America","Canada","Ontario",NA,"North America","Canada","Ontario","genome",NA,"Human",NA,NA,NA,NA,NA,NA,NA,NA,NA,NA,"2021-03-06",NA,"2021-01",86052,0.433616189305222,7,0.212121212121212,0.0619451699007461,86045,8.13461627852926e-05,0.489191172638391
"76","Canada/fake_126/2021/EPI_ISL_FAKE_126/2021-01-25","Canada/fake_126/2021","ncov","EPI_ISL_FAKE_126",NA,"2021-01-25","North America","Canada","Ontario",NA,"North America","Canada","Ontario","genome",NA,"Human",NA,NA,NA,NA,NA,NA,NA,NA,NA,NA,"2021-04-19",NA,"2021-01",86052,0.433616189305222,7,0.212121212121212,0.0619451699007461,86045,8.13461627852926e-05,0.489191172638391
"77","Canada/fake_127/2021/EPI_ISL_FAKE_127/2021-01-25","Canada/fake_127/2021","ncov","EPI_ISL_FAKE_127",NA,"2021-01-25","North America","Canada","Ontario",NA,"North America","Canada","Ontario","genome",NA,"Human",NA,NA,NA,NA,NA,NA,NA,NA,NA,NA,"2021-03-26",NA,"2021-01",86052,0.433616189305222,7,0.212121212121212,0.0619451699007461,86045,8.13461627852926e-05,0.489191172638391
"78","Canada/fake_128/2021/EPI_ISL_FAKE_128/2021-01-25","Canada/fake_128/2021","ncov","EPI_ISL_FAKE_128",NA,"2021-01-25","North America","Canada","Quebec",NA,"North America","Canada","Quebec","genome",NA,"Human",NA,NA,NA,NA,NA,NA,NA,NA,NA,NA,"2021-02-26",NA,"2021-01",59942,0.3020478503618,6,0.181818181818182,0.0503413083936334,59936,0.000100096760201528,0.601951583500414
"79","Canada/fake_134/2021/EPI_ISL_FAKE_134/2021-01-27","Canada/fake_134/2021","ncov","EPI_ISL_FAKE_134",NA,"2021-01-27","North America","Canada","Manitoba",NA,"North America","Canada","Manitoba","genome",NA,"Human",NA,NA,NA,NA,NA,NA,NA,NA,NA,NA,"2021-02-14",NA,"2021-01",4864,0.0245097051176103,3,0.0909090909090909,0.0081699017058701,4861,0.000616776315789474,3.70910586124402
"80","Canada/fake_135/2021/EPI_ISL_FAKE_135/2021-01-28","Canada/fake_135/2021","ncov","EPI_ISL_FAKE_135",NA,"2021-01-28","North America","Canada","Manitoba",NA,"North America","Canada","Manitoba","genome",NA,"Human",NA,NA,NA,NA,NA,NA,NA,NA,NA,NA,"2021-04-18",NA,"2021-01",4864,0.0245097051176103,3,0.0909090909090909,0.0081699017058701,4861,0.000616776315789474,3.70910586124402
"81","Canada/fake_146/2021/EPI_ISL_FAKE_146/2021-02-01","Canada/fake_146/2021","ncov","EPI_ISL_FAKE_146",NA,"2021-02-01","North America","Canada","Ontario",NA,"North America","Canada","Ontario","genome",NA,"Human",NA,NA,NA,NA,NA,NA,NA,NA,NA,NA,"2021-03-15",NA,"2021-02",32605,0.376283900750144,20,1,0.0188141950375072,32585,0.000613402852323263,2.65756785769054
"82","Canada/fake_147/2021/EPI_ISL_FAKE_147/2021-02-01","Canada/fake_147/2021","ncov","EPI_ISL_FAKE_147",NA,"2021-02-01","North America","Canada","Ontario",NA,"North America","Canada","Ontario","genome",NA,"Human",NA,NA,NA,NA,NA,NA,NA,NA,NA,NA,"2021-03-13",NA,"2021-02",32605,0.376283900750144,20,1,0.0188141950375072,32585,0.000613402852323263,2.65756785769054
"83","Canada/fake_148/2021/EPI_ISL_FAKE_148/2021-02-02","Canada/fake_148/2021","ncov","EPI_ISL_FAKE_148",NA,"2021-02-02","North America","Canada","Ontario",NA,"North America","Canada","Ontario","genome",NA,"Human",NA,NA,NA,NA,NA,NA,NA,NA,NA,NA,"2021-05-06",NA,"2021-02",32605,0.376283900750144,20,1,0.0188141950375072,32585,0.000613402852323263,2.65756785769054
"84","Canada/fake_160/2021/EPI_ISL_FAKE_160/2021-02-04","Canada/fake_160/2021","ncov","EPI_ISL_FAKE_160",NA,"2021-02-04","North America","Canada","Ontario",NA,"North America","Canada","Ontario","genome",NA,"Human",NA,NA,NA,NA,NA,NA,NA,NA,NA,NA,"2021-03-10",NA,"2021-02",32605,0.376283900750144,20,1,0.0188141950375072,32585,0.000613402852323263,2.65756785769054
"85","Canada/fake_161/2021/EPI_ISL_FAKE_161/2021-02-05","Canada/fake_161/2021","ncov","EPI_ISL_FAKE_161",NA,"2021-02-05","North America","Canada","Ontario",NA,"North America","Canada","Ontario","genome",NA,"Human",NA,NA,NA,NA,NA,NA,NA,NA,NA,NA,"2021-05-02",NA,"2021-02",32605,0.376283900750144,20,1,0.0188141950375072,32585,0.000613402852323263,2.65756785769054
"86","Canada/fake_162/2021/EPI_ISL_FAKE_162/2021-02-05","Canada/fake_162/2021","ncov","EPI_ISL_FAKE_162",NA,"2021-02-05","North America","Canada","Ontario",NA,"North America","Canada","Ontario","genome",NA,"Human",NA,NA,NA,NA,NA,NA,NA,NA,NA,NA,"2021-02-20",NA,"2021-02",32605,0.376283900750144,20,1,0.0188141950375072,32585,0.000613402852323263,2.65756785769054
"87","Canada/fake_163/2021/EPI_ISL_FAKE_163/2021-02-05","Canada/fake_163/2021","ncov","EPI_ISL_FAKE_163",NA,"2021-02-05","North America","Canada","Ontario",NA,"North America","Canada","Ontario","genome",NA,"Human",NA,NA,NA,NA,NA,NA,NA,NA,NA,NA,"2021-04-26",NA,"2021-02",32605,0.376283900750144,20,1,0.0188141950375072,32585,0.000613402852323263,2.65756785769054
"88","Canada/fake_164/2021/EPI_ISL_FAKE_164/2021-02-06","Canada/fake_164/2021","ncov","EPI_ISL_FAKE_164",NA,"2021-02-06","North America","Canada","Ontario",NA,"North America","Canada","Ontario","genome",NA,"Human",NA,NA,NA,NA,NA,NA,NA,NA,NA,NA,"2021-02-19",NA,"2021-02",32605,0.376283900750144,20,1,0.0188141950375072,32585,0.000613402852323263,2.65756785769054
"89","Canada/fake_165/2021/EPI_ISL_FAKE_165/2021-02-06","Canada/fake_165/2021","ncov","EPI_ISL_FAKE_165",NA,"2021-02-06","North America","Canada","Ontario",NA,"North America","Canada","Ontario","genome",NA,"Human",NA,NA,NA,NA,NA,NA,NA,NA,NA,NA,"2021-02-08",NA,"2021-02",32605,0.376283900750144,20,1,0.0188141950375072,32585,0.000613402852323263,2.65756785769054
"90","Canada/fake_166/2021/EPI_ISL_FAKE_166/2021-02-06","Canada/fake_166/2021","ncov","EPI_ISL_FAKE_166",NA,"2021-02-06","North America","Canada","Ontario",NA,"North America","Canada","Ontario","genome",NA,"Human",NA,NA,NA,NA,NA,NA,NA,NA,NA,NA,"2021-02-26",NA,"2021-02",32605,0.376283900750144,20,1,0.0188141950375072,32585,0.000613402852323263,2.65756785769054
"91","Canada/fake_167/2021/EPI_ISL_FAKE_167/2021-02-06","Canada/fake_167/2021","ncov","EPI_ISL_FAKE_167",NA,"2021-02-06","North America","Canada","Ontario",NA,"North America","Canada","Ontario","genome",NA,"Human",NA,NA,NA,NA,NA,NA,NA,NA,NA,NA,"2021-02-13",NA,"2021-02",32605,0.376283900750144,20,1,0.0188141950375072,32585,0.000613402852323263,2.65756785769054
"92","Canada/fake_169/2021/EPI_ISL_FAKE_169/2021-02-07","Canada/fake_169/2021","ncov","EPI_ISL_FAKE_169",NA,"2021-02-07","North America","Canada","Ontario",NA,"North America","Canada","Ontario","genome",NA,"Human",NA,NA,NA,NA,NA,NA,NA,NA,NA,NA,"2021-03-26",NA,"2021-02",32605,0.376283900750144,20,1,0.0188141950375072,32585,0.000613402852323263,2.65756785769054
"93","Canada/fake_170/2021/EPI_ISL_FAKE_170/2021-02","Canada/fake_170/2021","ncov","EPI_ISL_FAKE_170",NA,"2021-02","North America","Canada","Ontario",NA,"North America","Canada","Ontario","genome",NA,"Human",NA,NA,NA,NA,NA,NA,NA,NA,NA,NA,"2021-03-17",NA,"2021-02",32605,0.376283900750144,20,1,0.0188141950375072,32585,0.000613402852323263,2.65756785769054
"94","Canada/fake_171/2021/EPI_ISL_FAKE_171/2021-02-08","Canada/fake_171/2021","ncov","EPI_ISL_FAKE_171",NA,"2021-02-08","North America","Canada","Ontario",NA,"North America","Canada","Ontario","genome",NA,"Human",NA,NA,NA,NA,NA,NA,NA,NA,NA,NA,"2021-03-05",NA,"2021-02",32605,0.376283900750144,20,1,0.0188141950375072,32585,0.000613402852323263,2.65756785769054
"95","Canada/fake_172/2021/EPI_ISL_FAKE_172/2021-02-08","Canada/fake_172/2021","ncov","EPI_ISL_FAKE_172",NA,"2021-02-08","North America","Canada","Ontario",NA,"North America","Canada","Ontario","genome",NA,"Human",NA,NA,NA,NA,NA,NA,NA,NA,NA,NA,"2021-03-30",NA,"2021-02",32605,0.376283900750144,20,1,0.0188141950375072,32585,0.000613402852323263,2.65756785769054
"96","Canada/fake_173/2021/EPI_ISL_FAKE_173/2021-02-08","Canada/fake_173/2021","ncov","EPI_ISL_FAKE_173",NA,"2021-02-08","North America","Canada","Ontario",NA,"North America","Canada","Ontario","genome",NA,"Human",NA,NA,NA,NA,NA,NA,NA,NA,NA,NA,"2021-03-09",NA,"2021-02",32605,0.376283900750144,20,1,0.0188141950375072,32585,0.000613402852323263,2.65756785769054
"97","Canada/fake_174/2021/EPI_ISL_FAKE_174/2021-02-08","Canada/fake_174/2021","ncov","EPI_ISL_FAKE_174",NA,"2021-02-08","North America","Canada","Ontario",NA,"North America","Canada","Ontario","genome",NA,"Human",NA,NA,NA,NA,NA,NA,NA,NA,NA,NA,"2021-03-26",NA,"2021-02",32605,0.376283900750144,20,1,0.0188141950375072,32585,0.000613402852323263,2.65756785769054
"98","Canada/fake_175/2021/EPI_ISL_FAKE_175/2021-02-09","Canada/fake_175/2021","ncov","EPI_ISL_FAKE_175",NA,"2021-02-09","North America","Canada","Ontario",NA,"North America","Canada","Ontario","genome",NA,"Human",NA,NA,NA,NA,NA,NA,NA,NA,NA,NA,"2021-04-14",NA,"2021-02",32605,0.376283900750144,20,1,0.0188141950375072,32585,0.000613402852323263,2.65756785769054
"99","Canada/fake_176/2021/EPI_ISL_FAKE_176/2021-02-09","Canada/fake_176/2021","ncov","EPI_ISL_FAKE_176",NA,"2021-02-09","North America","Canada","Ontario",NA,"North America","Canada","Ontario","genome",NA,"Human",NA,NA,NA,NA,NA,NA,NA,NA,NA,NA,"2021-02-15",NA,"2021-02",32605,0.376283900750144,20,1,0.0188141950375072,32585,0.000613402852323263,2.65756785769054
"100","Canada/fake_191/2021/EPI_ISL_FAKE_191/2021-02-13","Canada/fake_191/2021","ncov","EPI_ISL_FAKE_191",NA,"2021-02-13","North America","Canada","Ontario",NA,"North America","Canada","Ontario","genome",NA,"Human",NA,NA,NA,NA,NA,NA,NA,NA,NA,NA,"2021-05-03",NA,"2021-02",32605,0.376283900750144,20,1,0.0188141950375072,32585,0.000613402852323263,2.65756785769054
"110","China/fake_1/2020/EPI_ISL_FAKE_1/2019-12-26","China/fake_1/2020","ncov","EPI_ISL_FAKE_1",NA,"2019-12-26","Asia","China","Hubei",NA,"Asia","China","Hubei","genome",NA,"Human",NA,NA,NA,NA,NA,NA,NA,NA,NA,NA,"2020-01-12",NA,"2019-12",20,1,1,1,1,19,0.05,1
"210","UnitedKingdom/fake_2/2020/EPI_ISL_FAKE_2/2020-07-02","UnitedKingdom/fake_2/2020","ncov","EPI_ISL_FAKE_2",NA,"2020-07-02","Europe","United Kingdom","England",NA,"Europe","United Kingdom","England","genome",NA,"Human",NA,NA,NA,NA,NA,NA,NA,NA,NA,NA,"2020-08-01",NA,"2020-07",19577,0.00274453941520015,1,1,0.00274453941520015,19576,5.10803493895898e-05,364.35986106145
"310","UnitedKingdom/fake_7/2020/EPI_ISL_FAKE_7/2020-08-13","UnitedKingdom/fake_7/2020","ncov","EPI_ISL_FAKE_7",NA,"2020-08-13","Europe","United Kingdom","England",NA,"Europe","United Kingdom","England","genome",NA,"Human",NA,NA,NA,NA,NA,NA,NA,NA,NA,NA,"2020-11-01",NA,"2020-08",33290,0.00421893497048456,1,1,0.00421893497048456,33289,3.00390507659958e-05,237.026644638029
"410","Spain/fake_9/2020/EPI_ISL_FAKE_9/2020-09-06","Spain/fake_9/2020","ncov","EPI_ISL_FAKE_9",NA,"2020-09-06","Europe","Spain","Basque Country",NA,"Europe","Spain","Basque Country","genome",NA,"Human",NA,NA,NA,NA,NA,NA,NA,NA,NA,NA,"2020-09-23",NA,"2020-09",306330,0.0361576930086392,1,1,0.0361576930086392,306329,3.26445336728365e-06,27.6566317370156
"510","Thailand/fake_14/2020/EPI_ISL_FAKE_14/2020-10-13","Thailand/fake_14/2020","ncov","EPI_ISL_FAKE_14",NA,"2020-10-13","Asia","Thailand","Nonthaburi",NA,"Asia","Thailand","Nonthaburi","genome",NA,"Human",NA,NA,NA,NA,NA,NA,NA,NA,NA,NA,"2020-11-05",NA,"2020-10",215,1.78302582634125e-05,1,0.142857142857143,1.78302582634125e-05,214,0.00465116279069767,8012.06245847176
"610","USA/fake_15/2020/EPI_ISL_FAKE_15/2020-10-13","USA/fake_15/2020","ncov","EPI_ISL_FAKE_15",NA,"2020-10-13","North America","USA","California",NA,"North America","USA","California","genome",NA,"Human",NA,NA,NA,NA,NA,NA,NA,NA,NA,NA,"2020-11-09",NA,"2020-10",1934284,0.160412945464123,4,0.571428571428571,0.0401032363660308,1934280,2.06794865697074e-06,3.56223476712092
"710","USA/fake_17/2020/EPI_ISL_FAKE_17/2020-10-14","USA/fake_17/2020","ncov","EPI_ISL_FAKE_17",NA,"2020-10-14","North America","USA","New York",NA,"North America","USA","New York","genome",NA,"Human",NA,NA,NA,NA,NA,NA,NA,NA,NA,NA,"2020-12-11",NA,"2020-10",1934284,0.160412945464123,4,0.571428571428571,0.0401032363660308,1934280,2.06794865697074e-06,3.56223476712092
"810","USA/fake_19/2020/EPI_ISL_FAKE_19/2020-10-18","USA/fake_19/2020","ncov","EPI_ISL_FAKE_19",NA,"2020-10-18","North America","USA","New York",NA,"North America","USA","New York","genome",NA,"Human",NA,NA,NA,NA,NA,NA,NA,NA,NA,NA,"2020-11-16",NA,"2020-10",1934284,0.160412945464123,4,0.571428571428571,0.0401032363660308,1934280,2.06794865697074e-06,3.56223476712092
"910","UnitedKingdom/fake_22/2020/EPI_ISL_FAKE_22/2020-10-26","UnitedKingdom/fake_22/2020","ncov","EPI_ISL_FAKE_22",NA,"2020-10-26","Europe","United Kingdom","England",NA,"Europe","United Kingdom","England","genome",NA,"Human",NA,NA,NA,NA,NA,NA,NA,NA,NA,NA,"2020-12-09",NA,"2020-10",558947,0.0463542761188819,2,0.285714285714286,0.0231771380594409,558945,3.57815678409581e-06,6.16370936268172
"101","UnitedKingdom/fake_23/2020/EPI_ISL_FAKE_23/2020-10-27","UnitedKingdom/fake_23/2020","ncov","EPI_ISL_FAKE_23",NA,"2020-10-27","Europe","United Kingdom","England",NA,"Europe","United Kingdom","England","genome",NA,"Human",NA,NA,NA,NA,NA,NA,NA,NA,NA,NA,"2020-11-28",NA,"2020-10",558947,0.0463542761188819,2,0.285714285714286,0.0231771380594409,558945,3.57815678409581e-06,6.16370936268172
"111","USA/fake_24/2020/EPI_ISL_FAKE_24/2020-10-30","USA/fake_24/2020","ncov","EPI_ISL_FAKE_24",NA,"2020-10-30","North America","USA","New York",NA,"North America","USA","New York","genome",NA,"Human",NA,NA,NA,NA,NA,NA,NA,NA,NA,NA,"2021-01-29",NA,"2020-10",1934284,0.160412945464123,4,0.571428571428571,0.0401032363660308,1934280,2.06794865697074e-06,3.56223476712092
"121","UnitedKingdom/fake_31/2020/EPI_ISL_FAKE_31/2020-11-13","UnitedKingdom/fake_31/2020","ncov","EPI_ISL_FAKE_31",NA,"2020-11-13","Europe","United Kingdom","Wales",NA,"Europe","United Kingdom","Wales","genome",NA,"Human",NA,NA,NA,NA,NA,NA,NA,NA,NA,NA,"2020-12-15",NA,"2020-11",618940,0.0361255401919252,3,0.6,0.0120418467306417,618937,4.84699647784923e-06,16.6087481823763
"131","UnitedKingdom/fake_34/2020/EPI_ISL_FAKE_34/2020-11-20","UnitedKingdom/fake_34/2020","ncov","EPI_ISL_FAKE_34",NA,"2020-11-20","Europe","United Kingdom","England",NA,"Europe","United Kingdom","England","genome",NA,"Human",NA,NA,NA,NA,NA,NA,NA,NA,NA,NA,"2021-02-03",NA,"2020-11",618940,0.0361255401919252,3,0.6,0.0120418467306417,618937,4.84699647784923e-06,16.6087481823763
"141","USA/fake_35/2020/EPI_ISL_FAKE_35/2020-11-23","USA/fake_35/2020","ncov","EPI_ISL_FAKE_35",NA,"2020-11-23","North America","USA","Michigan",NA,"North America","USA","Michigan","genome",NA,"Human",NA,NA,NA,NA,NA,NA,NA,NA,NA,NA,"2021-02-03",NA,"2020-11",4513640,0.263446672103728,1,0.2,0.263446672103728,4513639,2.21550677501972e-07,0.759166925142457
"151","UnitedKingdom/fake_36/2020/EPI_ISL_FAKE_36/2020-11-24","UnitedKingdom/fake_36/2020","ncov","EPI_ISL_FAKE_36",NA,"2020-11-24","Europe","United Kingdom","England",NA,"Europe","United Kingdom","England","genome",NA,"Human",NA,NA,NA,NA,NA,NA,NA,NA,NA,NA,"2021-01-12",NA,"2020-11",618940,0.0361255401919252,3,0.6,0.0120418467306417,618937,4.84699647784923e-06,16.6087481823763
"161","Netherlands/fake_40/2020/EPI_ISL_FAKE_40/2020-11-29","Netherlands/fake_40/2020","ncov","EPI_ISL_FAKE_40",NA,"2020-11-29","Europe","Netherlands","North Brabant",NA,"Europe","Netherlands","North Brabant","genome",NA,"Environment",NA,NA,NA,NA,NA,NA,NA,NA,NA,NA,"2021-01-03",NA,"2020-11",174290,0.0101727476008186,1,0.2,0.0101727476008186,174289,5.73756383039761e-06,19.6603717941362
"171","Portugal/fake_47/2020/EPI_ISL_FAKE_47/2020-12-12","Portugal/fake_47/2020","ncov","EPI_ISL_FAKE_47",NA,"2020-12-12","Europe","Portugal","Portugal",NA,"Europe","Portugal","Portugal","genome",NA,"Human",NA,NA,NA,NA,NA,NA,NA,NA,NA,NA,"2021-03-06",NA,"2020-12",115617,0.00577768902633369,1,0.142857142857143,0.00577768902633369,115616,8.64924708304142e-06,24.725654531773
"181","USA/fake_51/2020/EPI_ISL_FAKE_51/2020-12-13","USA/fake_51/2020","ncov","EPI_ISL_FAKE_51",NA,"2020-12-13","North America","USA","Washington",NA,"North America","USA","Washington","genome",NA,"Human",NA,NA,NA,NA,NA,NA,NA,NA,NA,NA,"2021-02-03",NA,"2020-12",6472189,0.323432500079207,2,0.285714285714286,0.161716250039603,6472187,3.09014461722301e-07,0.883381495812313
"191","France/fake_54/2020/EPI_ISL_FAKE_54/2020-12-14","France/fake_54/2020","ncov","EPI_ISL_FAKE_54",NA,"2020-12-14","Europe","France","Provence-Alpes-C么te d'Azur",NA,"Europe","France","Provence-Alpes-C么te d'Azur","genome",NA,"Human",NA,NA,NA,NA,NA,NA,NA,NA,NA,NA,"2021-02-11",NA,"2020-12",400830,0.0200305412908598,1,0.142857142857143,0.0200305412908598,400829,2.49482324177332e-06,7.13196617019684
"201","Japan/fake_65/2020/EPI_ISL_FAKE_65/2020-12-24","Japan/fake_65/2020","ncov","EPI_ISL_FAKE_65",NA,"2020-12-24","Asia","Japan","Japan",NA,"Asia","Japan","Japan","genome",NA,"Human",NA,NA,NA,NA,NA,NA,NA,NA,NA,NA,"2021-03-14",NA,"2020-12",86849,0.00434007554466951,1,0.142857142857143,0.00434007554466951,86848,1.15142373544888e-05,32.9158194107013
"211","USA/fake_69/2020/EPI_ISL_FAKE_69/2020-12-27","USA/fake_69/2020","ncov","EPI_ISL_FAKE_69",NA,"2020-12-27","North America","USA","Texas",NA,"North America","USA","Texas","genome",NA,"Human",NA,NA,NA,NA,NA,NA,NA,NA,NA,NA,"2021-01-30",NA,"2020-12",6472189,0.323432500079207,2,0.285714285714286,0.161716250039603,6472187,3.09014461722301e-07,0.883381495812313
"221","UnitedKingdom/fake_70/2020/EPI_ISL_FAKE_70/2020-12-27","UnitedKingdom/fake_70/2020","ncov","EPI_ISL_FAKE_70",NA,"2020-12-27","Europe","United Kingdom","Scotland",NA,"Europe","United Kingdom","Scotland","genome",NA,"Human",NA,NA,NA,NA,NA,NA,NA,NA,NA,NA,"2021-03-21",NA,"2020-12",862498,0.0431013192682284,2,0.285714285714286,0.0215506596341142,862496,2.31884595674425e-06,6.62889884962052
"231","UnitedKingdom/fake_71/2020/EPI_ISL_FAKE_71/2020-12-27","UnitedKingdom/fake_71/2020","ncov","EPI_ISL_FAKE_71",NA,"2020-12-27","Europe","United Kingdom","England",NA,"Europe","United Kingdom","England","genome",NA,"Human",NA,NA,NA,NA,NA,NA,NA,NA,NA,NA,"2021-01-18",NA,"2020-12",862498,0.0431013192682284,2,0.285714285714286,0.0215506596341142,862496,2.31884595674425e-06,6.62889884962052
"241","Ireland/fake_89/2021/EPI_ISL_FAKE_89/2021-01-09","Ireland/fake_89/2021","ncov","EPI_ISL_FAKE_89",NA,"2021-01-09","Europe","Ireland","Dublin",NA,"Europe","Ireland","Dublin","genome",NA,"Human",NA,NA,NA,NA,NA,NA,NA,NA,NA,NA,"2021-01-20",NA,"2021-01",104768,0.00544313424115275,1,0.027027027027027,0.00544313424115275,104767,9.54489920586439e-06,4.96534272895375
"251","USA/fake_92/2021/EPI_ISL_FAKE_92/2021-01-10","USA/fake_92/2021","ncov","EPI_ISL_FAKE_92",NA,"2021-01-10","North America","USA","Massachusetts",NA,"North America","USA","Massachusetts","genome",NA,"Human",NA,NA,NA,NA,NA,NA,NA,NA,NA,NA,"2021-01-13",NA,"2021-01",6147561,0.319391415114112,9,0.243243243243243,0.0354879350126791,6147552,1.46399523323152e-06,0.761583535851575
"281","UnitedKingdom/fake_96/2021/EPI_ISL_FAKE_96/2021-01-14","UnitedKingdom/fake_96/2021","ncov","EPI_ISL_FAKE_96",NA,"2021-01-14","Europe","United Kingdom","Wales",NA,"Europe","United Kingdom","Wales","genome",NA,"Human",NA,NA,NA,NA,NA,NA,NA,NA,NA,NA,"2021-02-12",NA,"2021-01",1331952,0.0692004575707457,16,0.432432432432432,0.00432502859817161,1331936,1.20124448929091e-05,6.248982269956
"311","USA/fake_103/2021/EPI_ISL_FAKE_103/2021-01-17","USA/fake_103/2021","ncov","EPI_ISL_FAKE_103",NA,"2021-01-17","North America","USA","Utah",NA,"North America","USA","Utah","genome",NA,"Human",NA,NA,NA,NA,NA,NA,NA,NA,NA,NA,"2021-04-17",NA,"2021-01",6147561,0.319391415114112,9,0.243243243243243,0.0354879350126791,6147552,1.46399523323152e-06,0.761583535851575
"371","Spain/fake_112/2021/EPI_ISL_FAKE_112/2021-01-21","Spain/fake_112/2021","ncov","EPI_ISL_FAKE_112",NA,"2021-01-21","Europe","Spain","Aragon",NA,"Europe","Spain","Aragon","genome",NA,"Human",NA,NA,NA,NA,NA,NA,NA,NA,NA,NA,"2021-03-04",NA,"2021-01",814854,0.042335061363587,1,0.027027027027027,0.042335061363587,814853,1.22721370944979e-06,0.638407649747104
"401","USA/fake_118/2021/EPI_ISL_FAKE_118/2021-01-23","USA/fake_118/2021","ncov","EPI_ISL_FAKE_118",NA,"2021-01-23","North America","USA","Oregon",NA,"North America","USA","Oregon","genome",NA,"Human",NA,NA,NA,NA,NA,NA,NA,NA,NA,NA,"2021-02-12",NA,"2021-01",6147561,0.319391415114112,9,0.243243243243243,0.0354879350126791,6147552,1.46399523323152e-06,0.761583535851575
"421","France/fake_120/2021/EPI_ISL_FAKE_120/2021-01-23","France/fake_120/2021","ncov","EPI_ISL_FAKE_120",NA,"2021-01-23","Europe","France","Auvergne-Rh么ne-Alpes",NA,"Europe","France","Auvergne-Rh么ne-Alpes","genome",NA,"Human",NA,NA,NA,NA,NA,NA,NA,NA,NA,NA,"2021-02-08",NA,"2021-01",578334,0.0300468616201783,1,0.027027027027027,0.0300468616201783,578333,1.72910463503788e-06,0.899495839820981
"441","USA/fake_122/2021/EPI_ISL_FAKE_122/2021-01-23","USA/fake_122/2021","ncov","EPI_ISL_FAKE_122",NA,"2021-01-23","North America","USA","Wisconsin",NA,"North America","USA","Wisconsin","genome",NA,"Human",NA,NA,NA,NA,NA,NA,NA,NA,NA,NA,"2021-01-27",NA,"2021-01",6147561,0.319391415114112,9,0.243243243243243,0.0354879350126791,6147552,1.46399523323152e-06,0.761583535851575
"471","Russia/fake_129/2021/EPI_ISL_FAKE_129/2021-01-26","Russia/fake_129/2021","ncov","EPI_ISL_FAKE_129",NA,"2021-01-26","Europe","Russia","Saint-Petersburg",NA,"Europe","Russia","Saint-Petersburg","genome",NA,"Human",NA,NA,NA,NA,NA,NA,NA,NA,NA,NA,"2021-02-25",NA,"2021-01",681001,0.0353808401550021,1,0.027027027027027,0.0353808401550021,681000,1.46842662492419e-06,0.763888785812395
"491","Italy/fake_132/2021/EPI_ISL_FAKE_132/2021-01-26","Italy/fake_132/2021","ncov","EPI_ISL_FAKE_132",NA,"2021-01-26","Europe","Italy","Campania",NA,"Europe","Italy","Campania","genome",NA,"Human",NA,NA,NA,NA,NA,NA,NA,NA,NA,NA,"2021-02-12",NA,"2021-01",445866,0.0231645969338521,1,0.027027027027027,0.0231645969338521,445865,2.24282632001543e-06,1.16673849772583
"561","UnitedKingdom/fake_141/2021/EPI_ISL_FAKE_141/2021-01-29","UnitedKingdom/fake_141/2021","ncov","EPI_ISL_FAKE_141",NA,"2021-01-29","Europe","United Kingdom","England",NA,"Europe","United Kingdom","England","genome",NA,"Human",NA,NA,NA,NA,NA,NA,NA,NA,NA,NA,"2021-02-20",NA,"2021-01",1331952,0.0692004575707457,16,0.432432432432432,0.00432502859817161,1331936,1.20124448929091e-05,6.248982269956
"571","USA/fake_142/2021/EPI_ISL_FAKE_142/2021-01-29","USA/fake_142/2021","ncov","EPI_ISL_FAKE_142",NA,"2021-01-29","North America","USA","New York",NA,"North America","USA","New York","genome",NA,"Human",NA,NA,NA,NA,NA,NA,NA,NA,NA,NA,"2021-02-26",NA,"2021-01",6147561,0.319391415114112,9,0.243243243243243,0.0354879350126791,6147552,1.46399523323152e-06,0.761583535851575
"581","UnitedKingdom/fake_143/2021/EPI_ISL_FAKE_143/2021-01-30","UnitedKingdom/fake_143/2021","ncov","EPI_ISL_FAKE_143",NA,"2021-01-30","Europe","United Kingdom","Wales",NA,"Europe","United Kingdom","Wales","genome",NA,"Human",NA,NA,NA,NA,NA,NA,NA,NA,NA,NA,"2021-03-23",NA,"2021-01",1331952,0.0692004575707457,16,0.432432432432432,0.00432502859817161,1331936,1.20124448929091e-05,6.248982269956
"591","USA/fake_144/2021/EPI_ISL_FAKE_144/2021-01-30","USA/fake_144/2021","ncov","EPI_ISL_FAKE_144",NA,"2021-01-30","North America","USA","Virginia",NA,"North America","USA","Virginia","genome",NA,"Human",NA,NA,NA,NA,NA,NA,NA,NA,NA,NA,"2021-03-05",NA,"2021-01",6147561,0.319391415114112,9,0.243243243243243,0.0354879350126791,6147552,1.46399523323152e-06,0.761583535851575
"611","UnitedKingdom/fake_149/2021/EPI_ISL_FAKE_149/2021-02-02","UnitedKingdom/fake_149/2021","ncov","EPI_ISL_FAKE_149",NA,"2021-02-02","Europe","United Kingdom","England",NA,"Europe","United Kingdom","England","genome",NA,"Human",NA,NA,NA,NA,NA,NA,NA,NA,NA,NA,"2021-05-13",NA,"2021-02",360640,0.0325982045316783,16,0.470588235294118,0.00203738778322989,360624,4.43655723158829e-05,14.4360170155019
"661","UnitedKingdom/fake_154/2021/EPI_ISL_FAKE_154/2021-02-02","UnitedKingdom/fake_154/2021","ncov","EPI_ISL_FAKE_154",NA,"2021-02-02","Europe","United Kingdom","England",NA,"Europe","United Kingdom","England","genome",NA,"Human",NA,NA,NA,NA,NA,NA,NA,NA,NA,NA,"2021-05-02",NA,"2021-02",360640,0.0325982045316783,16,0.470588235294118,0.00203738778322989,360624,4.43655723158829e-05,14.4360170155019
"721","SouthAfrica/fake_177/2021/EPI_ISL_FAKE_177/2021-02-09","SouthAfrica/fake_177/2021","ncov","EPI_ISL_FAKE_177",NA,"2021-02-09","Africa","South Africa","Eastern Cape",NA,"Africa","South Africa","Eastern Cape","genome",NA,"Human",NA,NA,NA,NA,NA,NA,NA,NA,NA,NA,"2021-03-04",NA,"2021-02",59632,0.00539012902793101,2,0.0588235294117647,0.00269506451396551,59630,3.35390394419104e-05,10.9131950472703
"731","USA/fake_178/2021/EPI_ISL_FAKE_178/2021-02-09","USA/fake_178/2021","ncov","EPI_ISL_FAKE_178",NA,"2021-02-09","North America","USA","California",NA,"North America","USA","California","genome",NA,"Human",NA,NA,NA,NA,NA,NA,NA,NA,NA,NA,"2021-02-13",NA,"2021-02",2400653,0.216994724666113,6,0.176470588235294,0.0361657874443522,2400647,2.49931997668968e-06,0.813248287518634
"741","SouthAfrica/fake_179/2021/EPI_ISL_FAKE_179/2021-02-10","SouthAfrica/fake_179/2021","ncov","EPI_ISL_FAKE_179",NA,"2021-02-10","Africa","South Africa","Western Cape Province",NA,"Africa","South Africa","Western Cape Province","genome",NA,"Human",NA,NA,NA,NA,NA,NA,NA,NA,NA,NA,"2021-02-24",NA,"2021-02",59632,0.00539012902793101,2,0.0588235294117647,0.00269506451396551,59630,3.35390394419104e-05,10.9131950472703
"751","USA/fake_180/2021/EPI_ISL_FAKE_180/2021-02-10","USA/fake_180/2021","ncov","EPI_ISL_FAKE_180",NA,"2021-02-10","North America","USA","Michigan",NA,"North America","USA","Michigan","genome",NA,"Human",NA,NA,NA,NA,NA,NA,NA,NA,NA,NA,"2021-05-17",NA,"2021-02",2400653,0.216994724666113,6,0.176470588235294,0.0361657874443522,2400647,2.49931997668968e-06,0.813248287518634
"761","USA/fake_181/2021/EPI_ISL_FAKE_181/2021-02-10","USA/fake_181/2021","ncov","EPI_ISL_FAKE_181",NA,"2021-02-10","North America","USA","Massachusetts",NA,"North America","USA","Massachusetts","genome",NA,"Human",NA,NA,NA,NA,NA,NA,NA,NA,NA,NA,"2021-03-07",NA,"2021-02",2400653,0.216994724666113,6,0.176470588235294,0.0361657874443522,2400647,2.49931997668968e-06,0.813248287518634
"791","France/fake_184/2021/EPI_ISL_FAKE_184/2021-02-12","France/fake_184/2021","ncov","EPI_ISL_FAKE_184",NA,"2021-02-12","Europe","France","Ile de France",NA,"Europe","France","Ile de France","genome",NA,"Human",NA,NA,NA,NA,NA,NA,NA,NA,NA,NA,"2021-03-21",NA,"2021-02",559694,0.0505906707163741,2,0.0588235294117647,0.0252953353581871,559692,3.57338116899592e-06,1.16273472122057
"811","USA/fake_186/2021/EPI_ISL_FAKE_186/2021-02-12","USA/fake_186/2021","ncov","EPI_ISL_FAKE_186",NA,"2021-02-12","North America","USA","Washington",NA,"North America","USA","Washington","genome",NA,"Human",NA,NA,NA,NA,NA,NA,NA,NA,NA,NA,"2021-04-01",NA,"2021-02",2400653,0.216994724666113,6,0.176470588235294,0.0361657874443522,2400647,2.49931997668968e-06,0.813248287518634
"861","USA/fake_192/2021/EPI_ISL_FAKE_192/2021-02-13","USA/fake_192/2021","ncov","EPI_ISL_FAKE_192",NA,"2021-02-13","North America","USA","Utah",NA,"North America","USA","Utah","genome",NA,"Human",NA,NA,NA,NA,NA,NA,NA,NA,NA,NA,"2021-04-14",NA,"2021-02",2400653,0.216994724666113,6,0.176470588235294,0.0361657874443522,2400647,2.49931997668968e-06,0.813248287518634
"871","UnitedKingdom/fake_193/2021/EPI_ISL_FAKE_193/2021-02-15","UnitedKingdom/fake_193/2021","ncov","EPI_ISL_FAKE_193",NA,"2021-02-15","Europe","United Kingdom","England",NA,"Europe","United Kingdom","England","genome",NA,"Human",NA,NA,NA,NA,NA,NA,NA,NA,NA,NA,"2021-03-06",NA,"2021-02",360640,0.0325982045316783,16,0.470588235294118,0.00203738778322989,360624,4.43655723158829e-05,14.4360170155019
"881","France/fake_195/2021/EPI_ISL_FAKE_195/2021-02-16","France/fake_195/2021","ncov","EPI_ISL_FAKE_195",NA,"2021-02-16","Europe","France","Pays de la Loire",NA,"Europe","France","Pays de la Loire","genome",NA,"Human",NA,NA,NA,NA,NA,NA,NA,NA,NA,NA,"2021-03-11",NA,"2021-02",559694,0.0505906707163741,2,0.0588235294117647,0.0252953353581871,559692,3.57338116899592e-06,1.16273472122057
"901","USA/fake_197/2021/EPI_ISL_FAKE_197/2021-02-17","USA/fake_197/2021","ncov","EPI_ISL_FAKE_197",NA,"2021-02-17","North America","USA","Michigan",NA,"North America","USA","Michigan","genome",NA,"Human",NA,NA,NA,NA,NA,NA,NA,NA,NA,NA,"2021-04-02",NA,"2021-02",2400653,0.216994724666113,6,0.176470588235294,0.0361657874443522,2400647,2.49931997668968e-06,0.813248287518634
