strain	virus	gisaid_epi_isl	genbank_accession	date	region	country	division	location	region_exposure	country_exposure	division_exposure	segment	length	host	sex	Nextstrain_clade	pangolin_lineage	GISAID_clade	originating_lab	submitting_lab	authors	url	title	paper_url	date_submitted	purpose_of_sequencing
China/fake_1/2020	ncov	EPI_ISL_FAKE_1	NA	2019-12-26	Asia	China	Hubei	NA	Asia	China	Hubei	genome	NA	Human	NA	NA	NA	NA	NA	NA	NA	NA	NA	NA	2020-01-12	NA
UnitedKingdom/fake_2/2020	ncov	EPI_ISL_FAKE_2	NA	2020-07-02	Europe	United Kingdom	England	NA	Europe	United Kingdom	England	genome	NA	Human	NA	NA	NA	NA	NA	NA	NA	NA	NA	NA	2020-08-01	NA
Canada/fake_3/2020	ncov	EPI_ISL_FAKE_3	NA	2020-07-13	North America	Canada	British Columbia	NA	North America	Canada	British Columbia	genome	NA	Human	NA	NA	NA	NA	NA	NA	NA	NA	NA	NA	2020-07-31	NA
Canada/fake_4/2020	ncov	EPI_ISL_FAKE_4	NA	2020-08-01	North America	Canada	British Columbia	NA	North America	Canada	British Columbia	genome	NA	Human	NA	NA	NA	NA	NA	NA	NA	NA	NA	NA	2020-10-11	NA
Canada/fake_5/2020	ncov	EPI_ISL_FAKE_5	NA	2020-08-01	North America	Canada	Ontario	NA	North America	Canada	Ontario	genome	NA	Human	NA	NA	NA	NA	NA	NA	NA	NA	NA	NA	2020-09-11	NA
Canada/fake_6/2020	ncov	EPI_ISL_FAKE_6	NA	2020-08-03	North America	Canada	Ontario	NA	North America	Canada	Ontario	genome	NA	Human	NA	NA	NA	NA	NA	NA	NA	NA	NA	NA	2020-10-18	NA
UnitedKingdom/fake_7/2020	ncov	EPI_ISL_FAKE_7	NA	2020-08-13	Europe	United Kingdom	England	NA	Europe	United Kingdom	England	genome	NA	Human	NA	NA	NA	NA	NA	NA	NA	NA	NA	NA	2020-11-01	NA
Canada/fake_8/2020	ncov	EPI_ISL_FAKE_8	NA	2020-08-20	North America	Canada	British Columbia	NA	Asia	Hong Kong	Hong Kong	genome	NA	Human	NA	NA	NA	NA	NA	NA	NA	NA	NA	NA	2020-08-27	NA
Spain/fake_9/2020	ncov	EPI_ISL_FAKE_9	NA	2020-09-06	Europe	Spain	Basque Country	NA	Europe	Spain	Basque Country	genome	NA	Human	NA	NA	NA	NA	NA	NA	NA	NA	NA	NA	2020-09-23	NA
Canada/fake_10/2020	ncov	EPI_ISL_FAKE_10	NA	2020-10-01	North America	Canada	Quebec	NA	North America	Canada	Quebec	genome	NA	Human	NA	NA	NA	NA	NA	NA	NA	NA	NA	NA	2020-12-23	NA
UnitedKingdom/fake_11/2020	ncov	EPI_ISL_FAKE_11	NA	2020-10	Europe	United Kingdom	England	NA	Europe	United Kingdom	England	genome	NA	Human	NA	NA	NA	NA	NA	NA	NA	NA	NA	NA	2020-12-30	NA
Canada/fake_12/2020	ncov	EPI_ISL_FAKE_12	NA	2020-10-05	North America	Canada	Quebec	NA	North America	Canada	Quebec	genome	NA	Human	NA	NA	NA	NA	NA	NA	NA	NA	NA	NA	2020-12-15	NA
Canada/fake_13/2020	ncov	EPI_ISL_FAKE_13	NA	2020-10-10	North America	Canada	Quebec	NA	North America	Canada	Quebec	genome	NA	Human	NA	NA	NA	NA	NA	NA	NA	NA	NA	NA	2020-11-09	NA
Thailand/fake_14/2020	ncov	EPI_ISL_FAKE_14	NA	2020-10-13	Asia	Thailand	Nonthaburi	NA	Asia	Thailand	Nonthaburi	genome	NA	Human	NA	NA	NA	NA	NA	NA	NA	NA	NA	NA	2020-11-05	NA
USA/fake_15/2020	ncov	EPI_ISL_FAKE_15	NA	2020-10-13	North America	USA	California	NA	North America	USA	California	genome	NA	Human	NA	NA	NA	NA	NA	NA	NA	NA	NA	NA	2020-11-09	NA
Canada/fake_16/2020	ncov	EPI_ISL_FAKE_16	NA	2020-10-14	North America	Canada	Ontario	NA	North America	Canada	Ontario	genome	NA	Human	NA	NA	NA	NA	NA	NA	NA	NA	NA	NA	2020-11-09	NA
USA/fake_17/2020	ncov	EPI_ISL_FAKE_17	NA	2020-10-14	North America	USA	New York	NA	North America	USA	New York	genome	NA	Human	NA	NA	NA	NA	NA	NA	NA	NA	NA	NA	2020-12-11	NA
Australia/fake_18/2020	ncov	EPI_ISL_FAKE_18	NA	2020-10	Oceania	Australia	Western Australia	NA	Oceania	Australia	Western Australia	genome	NA	Human	NA	NA	NA	NA	NA	NA	NA	NA	NA	NA	2020-11-20	NA
USA/fake_19/2020	ncov	EPI_ISL_FAKE_19	NA	2020-10-18	North America	USA	New York	NA	North America	USA	New York	genome	NA	Human	NA	NA	NA	NA	NA	NA	NA	NA	NA	NA	2020-11-16	NA
USA/fake_20/2020	ncov	EPI_ISL_FAKE_20	NA	2020	North America	USA	Washington	NA	North America	USA	Washington	genome	NA	Human	NA	NA	NA	NA	NA	NA	NA	NA	NA	NA	2021-01-17	NA
Canada/fake_21/2020	ncov	EPI_ISL_FAKE_21	NA	2020-10-26	North America	Canada	Quebec	NA	North America	Canada	Quebec	genome	NA	Human	NA	NA	NA	NA	NA	NA	NA	NA	NA	NA	2021-02-03	NA
UnitedKingdom/fake_22/2020	ncov	EPI_ISL_FAKE_22	NA	2020-10-26	Europe	United Kingdom	England	NA	Europe	United Kingdom	England	genome	NA	Human	NA	NA	NA	NA	NA	NA	NA	NA	NA	NA	2020-12-09	NA
UnitedKingdom/fake_23/2020	ncov	EPI_ISL_FAKE_23	NA	2020-10-27	Europe	United Kingdom	England	NA	Europe	United Kingdom	England	genome	NA	Human	NA	NA	NA	NA	NA	NA	NA	NA	NA	NA	2020-11-28	NA
USA/fake_24/2020	ncov	EPI_ISL_FAKE_24	NA	2020-10-30	North America	USA	New York	NA	North America	USA	New York	genome	NA	Human	NA	NA	NA	NA	NA	NA	NA	NA	NA	NA	2021-01-29	NA
Canada/fake_25/2020	ncov	EPI_ISL_FAKE_25	NA	2020-10-30	North America	Canada	Ontario	NA	North America	Canada	Ontario	genome	NA	Human	NA	NA	NA	NA	NA	NA	NA	NA	NA	NA	2020-12-16	NA
Canada/fake_26/2020	ncov	EPI_ISL_FAKE_26	NA	2020-11-02	North America	Canada	Nova Scotia	NA	North America	Canada	Nova Scotia	genome	NA	Human	NA	NA	NA	NA	NA	NA	NA	NA	NA	NA	2021-01-15	NA
Canada/fake_27/2020	ncov	EPI_ISL_FAKE_27	NA	2020-11-05	North America	Canada	Quebec	NA	North America	Canada	Quebec	genome	NA	Human	NA	NA	NA	NA	NA	NA	NA	NA	NA	NA	2020-12-23	NA
Canada/fake_28/2020	ncov	EPI_ISL_FAKE_28	NA	2020-11-05	North America	Canada	Quebec	NA	North America	Canada	Quebec	genome	NA	Human	NA	NA	NA	NA	NA	NA	NA	NA	NA	NA	2020-11-11	NA
Canada/fake_29/2020	ncov	EPI_ISL_FAKE_29	NA	2020-11	North America	Canada	Quebec	NA	North America	Canada	Quebec	genome	NA	Human	NA	NA	NA	NA	NA	NA	NA	NA	NA	NA	2021-01-27	NA
Canada/fake_30/2020	ncov	EPI_ISL_FAKE_30	NA	2020-11-12	North America	Canada	Newfoundland and Labrador	NA	North America	Canada	Newfoundland and Labrador	genome	NA	Human	NA	NA	NA	NA	NA	NA	NA	NA	NA	NA	2020-12-31	NA
UnitedKingdom/fake_31/2020	ncov	EPI_ISL_FAKE_31	NA	2020-11-13	Europe	United Kingdom	Wales	NA	Europe	United Kingdom	Wales	genome	NA	Human	NA	NA	NA	NA	NA	NA	NA	NA	NA	NA	2020-12-15	NA
Canada/fake_32/2020	ncov	EPI_ISL_FAKE_32	NA	2020-11-16	North America	Canada	Ontario	NA	North America	Canada	Ontario	genome	NA	Human	NA	NA	NA	NA	NA	NA	NA	NA	NA	NA	2021-01-25	NA
Canada/fake_33/2020	ncov	EPI_ISL_FAKE_33	NA	2020-11-19	North America	Canada	Manitoba	NA	North America	Canada	Manitoba	genome	NA	Human	NA	NA	NA	NA	NA	NA	NA	NA	NA	NA	2020-12-19	NA
UnitedKingdom/fake_34/2020	ncov	EPI_ISL_FAKE_34	NA	2020-11-20	Europe	United Kingdom	England	NA	Europe	United Kingdom	England	genome	NA	Human	NA	NA	NA	NA	NA	NA	NA	NA	NA	NA	2021-02-03	NA
USA/fake_35/2020	ncov	EPI_ISL_FAKE_35	NA	2020-11-23	North America	USA	Michigan	NA	North America	USA	Michigan	genome	NA	Human	NA	NA	NA	NA	NA	NA	NA	NA	NA	NA	2021-02-03	NA
UnitedKingdom/fake_36/2020	ncov	EPI_ISL_FAKE_36	NA	2020-11-24	Europe	United Kingdom	England	NA	Europe	United Kingdom	England	genome	NA	Human	NA	NA	NA	NA	NA	NA	NA	NA	NA	NA	2021-01-12	NA
Canada/fake_37/2020	ncov	EPI_ISL_FAKE_37	NA	2020-11-24	North America	Canada	New Brunswick	NA	North America	Canada	New Brunswick	genome	NA	Human	NA	NA	NA	NA	NA	NA	NA	NA	NA	NA	2021-01-18	NA
Canada/fake_38/2020	ncov	EPI_ISL_FAKE_38	NA	2020-11-28	North America	Canada	Nova Scotia	NA	North America	Canada	Nova Scotia	genome	NA	Human	NA	NA	NA	NA	NA	NA	NA	NA	NA	NA	2021-02-23	NA
Canada/fake_39/2020	ncov	EPI_ISL_FAKE_39	NA	2020-11-28	North America	Canada	Quebec	NA	North America	Canada	Quebec	genome	NA	Human	NA	NA	NA	NA	NA	NA	NA	NA	NA	NA	2021-01-13	NA
Netherlands/fake_40/2020	ncov	EPI_ISL_FAKE_40	NA	2020-11-29	Europe	Netherlands	North Brabant	NA	Europe	Netherlands	North Brabant	genome	NA	Environment	NA	NA	NA	NA	NA	NA	NA	NA	NA	NA	2021-01-03	NA
Canada/fake_41/2020	ncov	EPI_ISL_FAKE_41	NA	2020-11-29	North America	Canada	Quebec	NA	North America	Canada	Quebec	genome	NA	Human	NA	NA	NA	NA	NA	NA	NA	NA	NA	NA	2021-02-16	NA
Canada/fake_42/2020	ncov	EPI_ISL_FAKE_42	NA	2020-12-01	North America	Canada	Quebec	NA	North America	Canada	Quebec	genome	NA	Human	NA	NA	NA	NA	NA	NA	NA	NA	NA	NA	2020-12-30	NA
Canada/fake_43/2020	ncov	EPI_ISL_FAKE_43	NA	2020-12-02	North America	Canada	Quebec	NA	North America	Canada	Quebec	genome	NA	Human	NA	NA	NA	NA	NA	NA	NA	NA	NA	NA	2021-01-24	NA
Canada/fake_44/2020	ncov	EPI_ISL_FAKE_44	NA	2020-12-05	North America	Canada	Quebec	NA	North America	Canada	Quebec	genome	NA	Human	NA	NA	NA	NA	NA	NA	NA	NA	NA	NA	2021-01-18	NA
Canada/fake_45/2020	ncov	EPI_ISL_FAKE_45	NA	2020-12-07	North America	Canada	Quebec	NA	North America	Canada	Quebec	genome	NA	Human	NA	NA	NA	NA	NA	NA	NA	NA	NA	NA	2021-01-20	NA
Canada/fake_46/2020	ncov	EPI_ISL_FAKE_46	NA	2020-12-09	North America	Canada	Quebec	NA	North America	Canada	Quebec	genome	NA	Human	NA	NA	NA	NA	NA	NA	NA	NA	NA	NA	2021-02-24	NA
Portugal/fake_47/2020	ncov	EPI_ISL_FAKE_47	NA	2020-12-12	Europe	Portugal	Portugal	NA	Europe	Portugal	Portugal	genome	NA	Human	NA	NA	NA	NA	NA	NA	NA	NA	NA	NA	2021-03-06	NA
Canada/fake_48/2020	ncov	EPI_ISL_FAKE_48	NA	2020-12-12	North America	Canada	Quebec	NA	North America	Canada	Quebec	genome	NA	Human	NA	NA	NA	NA	NA	NA	NA	NA	NA	NA	2021-03-19	NA
Canada/fake_49/2020	ncov	EPI_ISL_FAKE_49	NA	2020-12-12	North America	Canada	Ontario	NA	North America	Canada	Ontario	genome	NA	Human	NA	NA	NA	NA	NA	NA	NA	NA	NA	NA	2021-02-20	NA
Canada/fake_50/2020	ncov	EPI_ISL_FAKE_50	NA	2020-12-12	North America	Canada	Ontario	NA	North America	Canada	Ontario	genome	NA	Human	NA	NA	NA	NA	NA	NA	NA	NA	NA	NA	2020-12-19	NA
USA/fake_51/2020	ncov	EPI_ISL_FAKE_51	NA	2020-12-13	North America	USA	Washington	NA	North America	USA	Washington	genome	NA	Human	NA	NA	NA	NA	NA	NA	NA	NA	NA	NA	2021-02-03	NA
Canada/fake_52/2020	ncov	EPI_ISL_FAKE_52	NA	2020-12-13	North America	Canada	Quebec	NA	North America	Canada	Quebec	genome	NA	Human	NA	NA	NA	NA	NA	NA	NA	NA	NA	NA	2020-12-20	NA
Canada/fake_53/2020	ncov	EPI_ISL_FAKE_53	NA	2020-12-14	North America	Canada	Quebec	NA	North America	Canada	Quebec	genome	NA	Human	NA	NA	NA	NA	NA	NA	NA	NA	NA	NA	2021-02-13	NA
France/fake_54/2020	ncov	EPI_ISL_FAKE_54	NA	2020-12-14	Europe	France	Provence-Alpes-C么te d'Azur	NA	Europe	France	Provence-Alpes-C么te d'Azur	genome	NA	Human	NA	NA	NA	NA	NA	NA	NA	NA	NA	NA	2021-02-11	NA
Canada/fake_55/2020	ncov	EPI_ISL_FAKE_55	NA	2020-12-14	North America	Canada	Quebec	NA	North America	Canada	Quebec	genome	NA	Human	NA	NA	NA	NA	NA	NA	NA	NA	NA	NA	2021-02-22	NA
Canada/fake_56/2020	ncov	EPI_ISL_FAKE_56	NA	2020-12-15	North America	Canada	Quebec	NA	North America	Canada	Quebec	genome	NA	Human	NA	NA	NA	NA	NA	NA	NA	NA	NA	NA	2021-01-20	NA
Canada/fake_57/2020	ncov	EPI_ISL_FAKE_57	NA	2020-12-17	North America	Canada	Quebec	NA	North America	Canada	Quebec	genome	NA	Human	NA	NA	NA	NA	NA	NA	NA	NA	NA	NA	2021-02-01	NA
Canada/fake_58/2020	ncov	EPI_ISL_FAKE_58	NA	2020-12-18	North America	Canada	British Columbia	NA	North America	Canada	British Columbia	genome	NA	Human	NA	NA	NA	NA	NA	NA	NA	NA	NA	NA	2021-03-19	NA
Canada/fake_59/2020	ncov	EPI_ISL_FAKE_59	NA	2020-12-18	North America	Canada	British Columbia	NA	North America	Canada	British Columbia	genome	NA	Human	NA	NA	NA	NA	NA	NA	NA	NA	NA	NA	2020-12-30	NA
Canada/fake_60/2020	ncov	EPI_ISL_FAKE_60	NA	2020-12-18	North America	Canada	British Columbia	NA	North America	Canada	British Columbia	genome	NA	Human	NA	NA	NA	NA	NA	NA	NA	NA	NA	NA	2021-03-20	NA
Canada/fake_61/2020	ncov	EPI_ISL_FAKE_61	NA	2020-12-19	North America	Canada	British Columbia	NA	North America	Canada	British Columbia	genome	NA	Human	NA	NA	NA	NA	NA	NA	NA	NA	NA	NA	2021-01-31	NA
Canada/fake_62/2020	ncov	EPI_ISL_FAKE_62	NA	2020-12-22	North America	Canada	British Columbia	NA	North America	Canada	British Columbia	genome	NA	Human	NA	NA	NA	NA	NA	NA	NA	NA	NA	NA	2021-01-11	NA
Canada/fake_63/2020	ncov	EPI_ISL_FAKE_63	NA	2020-12-24	North America	Canada	Ontario	NA	North America	Canada	Ontario	genome	NA	Human	NA	NA	NA	NA	NA	NA	NA	NA	NA	NA	2021-01-21	NA
Canada/fake_64/2020	ncov	EPI_ISL_FAKE_64	NA	2020-12-24	North America	Canada	British Columbia	NA	North America	Canada	British Columbia	genome	NA	Human	NA	NA	NA	NA	NA	NA	NA	NA	NA	NA	2021-02-04	NA
Japan/fake_65/2020	ncov	EPI_ISL_FAKE_65	NA	2020-12-24	Asia	Japan	Japan	NA	Asia	Japan	Japan	genome	NA	Human	NA	NA	NA	NA	NA	NA	NA	NA	NA	NA	2021-03-14	NA
Canada/fake_66/2020	ncov	EPI_ISL_FAKE_66	NA	2020-12-24	North America	Canada	Alberta	NA	North America	Canada	Alberta	genome	NA	Human	NA	NA	NA	NA	NA	NA	NA	NA	NA	NA	2021-02-22	NA
Canada/fake_67/2020	ncov	EPI_ISL_FAKE_67	NA	2020-12-26	North America	Canada	Quebec	NA	North America	Canada	Quebec	genome	NA	Human	NA	NA	NA	NA	NA	NA	NA	NA	NA	NA	2021-02-21	NA
Canada/fake_68/2020	ncov	EPI_ISL_FAKE_68	NA	2020-12-26	North America	Canada	Ontario	NA	North America	Canada	Ontario	genome	NA	Human	NA	NA	NA	NA	NA	NA	NA	NA	NA	NA	2020-12-29	NA
USA/fake_69/2020	ncov	EPI_ISL_FAKE_69	NA	2020-12-27	North America	USA	Texas	NA	North America	USA	Texas	genome	NA	Human	NA	NA	NA	NA	NA	NA	NA	NA	NA	NA	2021-01-30	NA
UnitedKingdom/fake_70/2020	ncov	EPI_ISL_FAKE_70	NA	2020-12-27	Europe	United Kingdom	Scotland	NA	Europe	United Kingdom	Scotland	genome	NA	Human	NA	NA	NA	NA	NA	NA	NA	NA	NA	NA	2021-03-21	NA
UnitedKingdom/fake_71/2020	ncov	EPI_ISL_FAKE_71	NA	2020-12-27	Europe	United Kingdom	England	NA	Europe	United Kingdom	England	genome	NA	Human	NA	NA	NA	NA	NA	NA	NA	NA	NA	NA	2021-01-18	NA
Canada/fake_72/2020	ncov	EPI_ISL_FAKE_72	NA	2020-12-29	North America	Canada	Alberta	NA	North America	Canada	Alberta	genome	NA	Human	NA	NA	NA	NA	NA	NA	NA	NA	NA	NA	2021-02-21	NA
Canada/fake_73/2020	ncov	EPI_ISL_FAKE_73	NA	2020-12	North America	Canada	Nova Scotia	NA	North America	Canada	Nova Scotia	genome	NA	Human	NA	NA	NA	NA	NA	NA	NA	NA	NA	NA	2021-03-22	NA
Canada/fake_74/2021	ncov	EPI_ISL_FAKE_74	NA	2021-01-02	North America	Canada	Ontario	NA	North America	Canada	Ontario	genome	NA	Human	NA	NA	NA	NA	NA	NA	NA	NA	NA	NA	2021-04-09	NA
Canada/fake_75/2021	ncov	EPI_ISL_FAKE_75	NA	2021-01	North America	Canada	Quebec	NA	North America	Canada	Quebec	genome	NA	Human	NA	NA	NA	NA	NA	NA	NA	NA	NA	NA	2021-02-15	NA
Canada/fake_76/2021	ncov	EPI_ISL_FAKE_76	NA	2021-01-03	North America	Canada	Alberta	NA	North America	Canada	Alberta	genome	NA	Human	NA	NA	NA	NA	NA	NA	NA	NA	NA	NA	2021-03-07	NA
Canada/fake_77/2021	ncov	EPI_ISL_FAKE_77	NA	2021-01-03	North America	Canada	Alberta	NA	North America	Canada	Alberta	genome	NA	Human	NA	NA	NA	NA	NA	NA	NA	NA	NA	NA	2021-02-17	NA
Canada/fake_78/2021	ncov	EPI_ISL_FAKE_78	NA	2021-01-04	North America	Canada	Quebec	NA	North America	Canada	Quebec	genome	NA	Human	NA	NA	NA	NA	NA	NA	NA	NA	NA	NA	2021-01-27	NA
Canada/fake_79/2021	ncov	EPI_ISL_FAKE_79	NA	2021-01-05	North America	Canada	Alberta	NA	North America	Canada	Alberta	genome	NA	Human	NA	NA	NA	NA	NA	NA	NA	NA	NA	NA	2021-02-09	NA
Canada/fake_80/2021	ncov	EPI_ISL_FAKE_80	NA	2021-01-05	North America	Canada	Alberta	NA	North America	Canada	Alberta	genome	NA	Human	NA	NA	NA	NA	NA	NA	NA	NA	NA	NA	2021-02-07	NA
Canada/fake_81/2021	ncov	EPI_ISL_FAKE_81	NA	2021-01-05	North America	Canada	Alberta	NA	North America	Canada	Alberta	genome	NA	Human	NA	NA	NA	NA	NA	NA	NA	NA	NA	NA	2021-02-08	NA
Canada/fake_82/2021	ncov	EPI_ISL_FAKE_82	NA	2021-01-05	North America	Canada	Nova Scotia	NA	North America	Canada	Nova Scotia	genome	NA	Human	NA	NA	NA	NA	NA	NA	NA	NA	NA	NA	2021-02-18	NA
Canada/fake_83/2021	ncov	EPI_ISL_FAKE_83	NA	2021-01-07	North America	Canada	Ontario	NA	North America	Canada	Ontario	genome	NA	Human	NA	NA	NA	NA	NA	NA	NA	NA	NA	NA	2021-03-22	NA
Canada/fake_84/2021	ncov	EPI_ISL_FAKE_84	NA	2021-01-07	North America	Canada	Nova Scotia	NA	North America	Canada	Nova Scotia	genome	NA	Human	NA	NA	NA	NA	NA	NA	NA	NA	NA	NA	2021-03-26	NA
Canada/fake_85/2021	ncov	EPI_ISL_FAKE_85	NA	2021-01-08	North America	Canada	Alberta	NA	North America	Canada	Alberta	genome	NA	Human	NA	NA	NA	NA	NA	NA	NA	NA	NA	NA	2021-03-13	NA
Canada/fake_86/2021	ncov	EPI_ISL_FAKE_86	NA	2021-01-08	North America	Canada	Alberta	NA	North America	Canada	Alberta	genome	NA	Human	NA	NA	NA	NA	NA	NA	NA	NA	NA	NA	2021-02-16	NA
Canada/fake_87/2021	ncov	EPI_ISL_FAKE_87	NA	2021-01-08	North America	Canada	Alberta	NA	North America	Canada	Alberta	genome	NA	Human	NA	NA	NA	NA	NA	NA	NA	NA	NA	NA	2021-02-24	NA
Canada/fake_88/2021	ncov	EPI_ISL_FAKE_88	NA	2021-01-09	North America	Canada	Alberta	NA	North America	Canada	Alberta	genome	NA	Human	NA	NA	NA	NA	NA	NA	NA	NA	NA	NA	2021-01-21	NA
Ireland/fake_89/2021	ncov	EPI_ISL_FAKE_89	NA	2021-01-09	Europe	Ireland	Dublin	NA	Europe	Ireland	Dublin	genome	NA	Human	NA	NA	NA	NA	NA	NA	NA	NA	NA	NA	2021-01-20	NA
Canada/fake_90/2021	ncov	EPI_ISL_FAKE_90	NA	2021-01-10	North America	Canada	Nova Scotia	NA	North America	Canada	Nova Scotia	genome	NA	Human	NA	NA	NA	NA	NA	NA	NA	NA	NA	NA	2021-03-20	NA
Canada/fake_91/2021	ncov	EPI_ISL_FAKE_91	NA	2021-01-10	North America	Canada	Alberta	NA	North America	Canada	Alberta	genome	NA	Human	NA	NA	NA	NA	NA	NA	NA	NA	NA	NA	2021-01-22	NA
USA/fake_92/2021	ncov	EPI_ISL_FAKE_92	NA	2021-01-10	North America	USA	Massachusetts	NA	North America	USA	Massachusetts	genome	NA	Human	NA	NA	NA	NA	NA	NA	NA	NA	NA	NA	2021-01-13	NA
Canada/fake_93/2021	ncov	EPI_ISL_FAKE_93	NA	2021-01-10	North America	Canada	Alberta	NA	North America	Canada	Alberta	genome	NA	Human	NA	NA	NA	NA	NA	NA	NA	NA	NA	NA	2021-01-30	NA
Portugal/fake_94/2021	ncov	EPI_ISL_FAKE_94	NA	2021-01-13	Europe	Portugal	Portugal	NA	Europe	Portugal	Portugal	genome	NA	Human	NA	NA	NA	NA	NA	NA	NA	NA	NA	NA	2021-01-17	NA
UnitedKingdom/fake_95/2021	ncov	EPI_ISL_FAKE_95	NA	2021-01-14	Europe	United Kingdom	England	NA	Europe	United Kingdom	England	genome	NA	Human	NA	NA	NA	NA	NA	NA	NA	NA	NA	NA	2021-04-14	NA
UnitedKingdom/fake_96/2021	ncov	EPI_ISL_FAKE_96	NA	2021-01-14	Europe	United Kingdom	Wales	NA	Europe	United Kingdom	Wales	genome	NA	Human	NA	NA	NA	NA	NA	NA	NA	NA	NA	NA	2021-02-12	NA
Canada/fake_97/2021	ncov	EPI_ISL_FAKE_97	NA	2021-01-14	North America	Canada	Alberta	NA	North America	Canada	Alberta	genome	NA	Human	NA	NA	NA	NA	NA	NA	NA	NA	NA	NA	2021-02-16	NA
UnitedKingdom/fake_98/2021	ncov	EPI_ISL_FAKE_98	NA	2021-01-15	Europe	United Kingdom	England	NA	Europe	United Kingdom	England	genome	NA	Human	NA	NA	NA	NA	NA	NA	NA	NA	NA	NA	2021-01-25	NA
USA/fake_99/2021	ncov	EPI_ISL_FAKE_99	NA	2021-01-15	North America	USA	California	NA	North America	USA	California	genome	NA	Human	NA	NA	NA	NA	NA	NA	NA	NA	NA	NA	2021-03-17	NA
Canada/fake_100/2021	ncov	EPI_ISL_FAKE_100	NA	2021-01-16	North America	Canada	Alberta	NA	North America	Canada	Alberta	genome	NA	Human	NA	NA	NA	NA	NA	NA	NA	NA	NA	NA	2021-03-24	NA
Canada/fake_101/2021	ncov	EPI_ISL_FAKE_101	NA	2021-01-16	North America	Canada	Nova Scotia	NA	North America	Canada	Nova Scotia	genome	NA	Human	NA	NA	NA	NA	NA	NA	NA	NA	NA	NA	2021-03-15	NA
Canada/fake_102/2021	ncov	EPI_ISL_FAKE_102	NA	2021-01-17	North America	Canada	Quebec	NA	North America	Canada	Quebec	genome	NA	Human	NA	NA	NA	NA	NA	NA	NA	NA	NA	NA	2021-04-11	NA
USA/fake_103/2021	ncov	EPI_ISL_FAKE_103	NA	2021-01-17	North America	USA	Utah	NA	North America	USA	Utah	genome	NA	Human	NA	NA	NA	NA	NA	NA	NA	NA	NA	NA	2021-04-17	NA
EquatorialGuinea/fake_104/2021	ncov	EPI_ISL_FAKE_104	NA	2021-01-17	Africa	Equatorial Guinea	Litoral	NA	Africa	Equatorial Guinea	Litoral	genome	NA	Human	NA	NA	NA	NA	NA	NA	NA	NA	NA	NA	2021-02-09	NA
Australia/fake_105/2021	ncov	EPI_ISL_FAKE_105	NA	2021-01-17	Oceania	Australia	New South Wales	NA	Oceania	Australia	New South Wales	genome	NA	Human	NA	NA	NA	NA	NA	NA	NA	NA	NA	NA	2021-01-28	NA
Canada/fake_106/2021	ncov	EPI_ISL_FAKE_106	NA	2021-01-17	North America	Canada	Ontario	NA	North America	Canada	Ontario	genome	NA	Human	NA	NA	NA	NA	NA	NA	NA	NA	NA	NA	2021-03-10	NA
UnitedArabEmirates/fake_107/2021	ncov	EPI_ISL_FAKE_107	NA	2021-01-18	Asia	United Arab Emirates	Abu Dhabi	NA	Asia	United Arab Emirates	Abu Dhabi	genome	NA	Human	NA	NA	NA	NA	NA	NA	NA	NA	NA	NA	2021-04-21	NA
UnitedKingdom/fake_108/2021	ncov	EPI_ISL_FAKE_108	NA	2021-01-19	Europe	United Kingdom	England	NA	Europe	United Kingdom	England	genome	NA	Human	NA	NA	NA	NA	NA	NA	NA	NA	NA	NA	2021-04-14	NA
Canada/fake_109/2021	ncov	EPI_ISL_FAKE_109	NA	2021-01-19	North America	Canada	Ontario	NA	North America	Canada	Ontario	genome	NA	Human	NA	NA	NA	NA	NA	NA	NA	NA	NA	NA	2021-01-21	NA
USA/fake_110/2021	ncov	EPI_ISL_FAKE_110	NA	2021-01-19	North America	USA	Alaska	NA	North America	USA	Alaska	genome	NA	Human	NA	NA	NA	NA	NA	NA	NA	NA	NA	NA	2021-03-18	NA
UnitedKingdom/fake_111/2021	ncov	EPI_ISL_FAKE_111	NA	2021-01	Europe	United Kingdom	England	NA	Europe	United Kingdom	England	genome	NA	Human	NA	NA	NA	NA	NA	NA	NA	NA	NA	NA	2021-02-05	NA
Spain/fake_112/2021	ncov	EPI_ISL_FAKE_112	NA	2021-01-21	Europe	Spain	Aragon	NA	Europe	Spain	Aragon	genome	NA	Human	NA	NA	NA	NA	NA	NA	NA	NA	NA	NA	2021-03-04	NA
USA/fake_113/2021	ncov	EPI_ISL_FAKE_113	NA	2021-01-21	North America	USA	California	NA	North America	USA	California	genome	NA	Human	NA	NA	NA	NA	NA	NA	NA	NA	NA	NA	2021-04-04	NA
Canada/fake_114/2021	ncov	EPI_ISL_FAKE_114	NA	2021-01	North America	Canada	Quebec	NA	North America	Canada	Quebec	genome	NA	Human	NA	NA	NA	NA	NA	NA	NA	NA	NA	NA	2021-04-02	NA
Canada/fake_115/2021	ncov	EPI_ISL_FAKE_115	NA	2021-01-22	North America	Canada	Manitoba	NA	North America	Canada	Manitoba	genome	NA	Human	NA	NA	NA	NA	NA	NA	NA	NA	NA	NA	2021-03-28	NA
Switzerland/fake_116/2021	ncov	EPI_ISL_FAKE_116	NA	2021-01-22	Europe	Switzerland	Basel-Land	NA	Europe	Switzerland	Basel-Land	genome	NA	Human	NA	NA	NA	NA	NA	NA	NA	NA	NA	NA	2021-04-13	NA
Canada/fake_117/2021	ncov	EPI_ISL_FAKE_117	NA	2021-01-22	North America	Canada	Quebec	NA	North America	Canada	Quebec	genome	NA	Human	NA	NA	NA	NA	NA	NA	NA	NA	NA	NA	2021-04-18	NA
USA/fake_118/2021	ncov	EPI_ISL_FAKE_118	NA	2021-01-23	North America	USA	Oregon	NA	North America	USA	Oregon	genome	NA	Human	NA	NA	NA	NA	NA	NA	NA	NA	NA	NA	2021-02-12	NA
UnitedKingdom/fake_119/2021	ncov	EPI_ISL_FAKE_119	NA	2021-01-23	Europe	United Kingdom	England	NA	Europe	United Kingdom	England	genome	NA	Human	NA	NA	NA	NA	NA	NA	NA	NA	NA	NA	2021-03-19	NA
France/fake_120/2021	ncov	EPI_ISL_FAKE_120	NA	2021-01-23	Europe	France	Auvergne-Rh么ne-Alpes	NA	Europe	France	Auvergne-Rh么ne-Alpes	genome	NA	Human	NA	NA	NA	NA	NA	NA	NA	NA	NA	NA	2021-02-08	NA
UnitedKingdom/fake_121/2021	ncov	EPI_ISL_FAKE_121	NA	2021-01-23	Europe	United Kingdom	England	NA	Europe	United Kingdom	England	genome	NA	Human	NA	NA	NA	NA	NA	NA	NA	NA	NA	NA	2021-04-01	NA
USA/fake_122/2021	ncov	EPI_ISL_FAKE_122	NA	2021-01-23	North America	USA	Wisconsin	NA	North America	USA	Wisconsin	genome	NA	Human	NA	NA	NA	NA	NA	NA	NA	NA	NA	NA	2021-01-27	NA
UnitedKingdom/fake_123/2021	ncov	EPI_ISL_FAKE_123	NA	2021-01-24	Europe	United Kingdom	England	NA	Europe	United Kingdom	England	genome	NA	Human	NA	NA	NA	NA	NA	NA	NA	NA	NA	NA	2021-03-29	NA
UnitedKingdom/fake_124/2021	ncov	EPI_ISL_FAKE_124	NA	2021-01-24	Europe	United Kingdom	Scotland	NA	Europe	United Kingdom	Scotland	genome	NA	Human	NA	NA	NA	NA	NA	NA	NA	NA	NA	NA	2021-03-20	NA
Canada/fake_125/2021	ncov	EPI_ISL_FAKE_125	NA	2021-01-24	North America	Canada	Ontario	NA	North America	Canada	Ontario	genome	NA	Human	NA	NA	NA	NA	NA	NA	NA	NA	NA	NA	2021-03-06	NA
Canada/fake_126/2021	ncov	EPI_ISL_FAKE_126	NA	2021-01-25	North America	Canada	Ontario	NA	North America	Canada	Ontario	genome	NA	Human	NA	NA	NA	NA	NA	NA	NA	NA	NA	NA	2021-04-19	NA
Canada/fake_127/2021	ncov	EPI_ISL_FAKE_127	NA	2021-01-25	North America	Canada	Ontario	NA	North America	Canada	Ontario	genome	NA	Human	NA	NA	NA	NA	NA	NA	NA	NA	NA	NA	2021-03-26	NA
Canada/fake_128/2021	ncov	EPI_ISL_FAKE_128	NA	2021-01-25	North America	Canada	Quebec	NA	North America	Canada	Quebec	genome	NA	Human	NA	NA	NA	NA	NA	NA	NA	NA	NA	NA	2021-02-26	NA
Russia/fake_129/2021	ncov	EPI_ISL_FAKE_129	NA	2021-01-26	Europe	Russia	Saint-Petersburg	NA	Europe	Russia	Saint-Petersburg	genome	NA	Human	NA	NA	NA	NA	NA	NA	NA	NA	NA	NA	2021-02-25	NA
Spain/fake_130/2021	ncov	EPI_ISL_FAKE_130	NA	2021-01	Europe	Spain	Madrid	NA	Europe	Spain	Madrid	genome	NA	Human	NA	NA	NA	NA	NA	NA	NA	NA	NA	NA	2021-03-22	NA
India/fake_131/2021	ncov	EPI_ISL_FAKE_131	NA	2021-01-26	Asia	India	Telangana	NA	Asia	India	Telangana	genome	NA	Human	NA	NA	NA	NA	NA	NA	NA	NA	NA	NA	2021-03-10	NA
Italy/fake_132/2021	ncov	EPI_ISL_FAKE_132	NA	2021-01-26	Europe	Italy	Campania	NA	Europe	Italy	Campania	genome	NA	Human	NA	NA	NA	NA	NA	NA	NA	NA	NA	NA	2021-02-12	NA
UnitedKingdom/fake_133/2021	ncov	EPI_ISL_FAKE_133	NA	2021-01-26	Europe	United Kingdom	Scotland	NA	Europe	United Kingdom	Scotland	genome	NA	Human	NA	NA	NA	NA	NA	NA	NA	NA	NA	NA	2021-04-15	NA
Canada/fake_134/2021	ncov	EPI_ISL_FAKE_134	NA	2021-01-27	North America	Canada	Manitoba	NA	North America	Canada	Manitoba	genome	NA	Human	NA	NA	NA	NA	NA	NA	NA	NA	NA	NA	2021-02-14	NA
Canada/fake_135/2021	ncov	EPI_ISL_FAKE_135	NA	2021-01-28	North America	Canada	Manitoba	NA	North America	Canada	Manitoba	genome	NA	Human	NA	NA	NA	NA	NA	NA	NA	NA	NA	NA	2021-04-18	NA
Denmark/fake_136/2021	ncov	EPI_ISL_FAKE_136	NA	2021-01-28	Europe	Denmark	Hovedstaden	NA	Europe	Denmark	Hovedstaden	genome	NA	Human	NA	NA	NA	NA	NA	NA	NA	NA	NA	NA	2021-04-16	NA
UnitedKingdom/fake_137/2021	ncov	EPI_ISL_FAKE_137	NA	2021-01-29	Europe	United Kingdom	England	NA	Europe	United Kingdom	England	genome	NA	Human	NA	NA	NA	NA	NA	NA	NA	NA	NA	NA	2021-04-02	NA
UnitedKingdom/fake_138/2021	ncov	EPI_ISL_FAKE_138	NA	2021-01-29	Europe	United Kingdom	England	NA	Europe	United Kingdom	England	genome	NA	Human	NA	NA	NA	NA	NA	NA	NA	NA	NA	NA	2021-03-20	NA
UnitedKingdom/fake_139/2021	ncov	EPI_ISL_FAKE_139	NA	2021-01-29	Europe	United Kingdom	England	NA	Europe	United Kingdom	England	genome	NA	Human	NA	NA	NA	NA	NA	NA	NA	NA	NA	NA	2021-04-16	NA
UnitedKingdom/fake_140/2021	ncov	EPI_ISL_FAKE_140	NA	2021-01-29	Europe	United Kingdom	England	NA	Europe	United Kingdom	England	genome	NA	Human	NA	NA	NA	NA	NA	NA	NA	NA	NA	NA	2021-04-10	NA
UnitedKingdom/fake_141/2021	ncov	EPI_ISL_FAKE_141	NA	2021-01-29	Europe	United Kingdom	England	NA	Europe	United Kingdom	England	genome	NA	Human	NA	NA	NA	NA	NA	NA	NA	NA	NA	NA	2021-02-20	NA
USA/fake_142/2021	ncov	EPI_ISL_FAKE_142	NA	2021-01-29	North America	USA	New York	NA	North America	USA	New York	genome	NA	Human	NA	NA	NA	NA	NA	NA	NA	NA	NA	NA	2021-02-26	NA
UnitedKingdom/fake_143/2021	ncov	EPI_ISL_FAKE_143	NA	2021-01-30	Europe	United Kingdom	Wales	NA	Europe	United Kingdom	Wales	genome	NA	Human	NA	NA	NA	NA	NA	NA	NA	NA	NA	NA	2021-03-23	NA
USA/fake_144/2021	ncov	EPI_ISL_FAKE_144	NA	2021-01-30	North America	USA	Virginia	NA	North America	USA	Virginia	genome	NA	Human	NA	NA	NA	NA	NA	NA	NA	NA	NA	NA	2021-03-05	NA
UnitedKingdom/fake_145/2021	ncov	EPI_ISL_FAKE_145	NA	2021-01-31	Europe	United Kingdom	England	NA	Europe	United Kingdom	England	genome	NA	Human	NA	NA	NA	NA	NA	NA	NA	NA	NA	NA	2021-03-06	NA
Canada/fake_146/2021	ncov	EPI_ISL_FAKE_146	NA	2021-02-01	North America	Canada	Ontario	NA	North America	Canada	Ontario	genome	NA	Human	NA	NA	NA	NA	NA	NA	NA	NA	NA	NA	2021-03-15	NA
Canada/fake_147/2021	ncov	EPI_ISL_FAKE_147	NA	2021-02-01	North America	Canada	Ontario	NA	North America	Canada	Ontario	genome	NA	Human	NA	NA	NA	NA	NA	NA	NA	NA	NA	NA	2021-03-13	NA
Canada/fake_148/2021	ncov	EPI_ISL_FAKE_148	NA	2021-02-02	North America	Canada	Ontario	NA	North America	Canada	Ontario	genome	NA	Human	NA	NA	NA	NA	NA	NA	NA	NA	NA	NA	2021-05-06	NA
UnitedKingdom/fake_149/2021	ncov	EPI_ISL_FAKE_149	NA	2021-02-02	Europe	United Kingdom	England	NA	Europe	United Kingdom	England	genome	NA	Human	NA	NA	NA	NA	NA	NA	NA	NA	NA	NA	2021-05-13	NA
UnitedKingdom/fake_150/2021	ncov	EPI_ISL_FAKE_150	NA	2021-02-02	Europe	United Kingdom	England	NA	Europe	United Kingdom	England	genome	NA	Human	NA	NA	NA	NA	NA	NA	NA	NA	NA	NA	2021-02-26	NA
UnitedKingdom/fake_151/2021	ncov	EPI_ISL_FAKE_151	NA	2021-02-02	Europe	United Kingdom	England	NA	Europe	United Kingdom	England	genome	NA	Human	NA	NA	NA	NA	NA	NA	NA	NA	NA	NA	2021-03-28	NA
UnitedKingdom/fake_152/2021	ncov	EPI_ISL_FAKE_152	NA	2021-02-02	Europe	United Kingdom	Wales	NA	Europe	United Kingdom	Wales	genome	NA	Human	NA	NA	NA	NA	NA	NA	NA	NA	NA	NA	2021-05-04	NA
UnitedKingdom/fake_153/2021	ncov	EPI_ISL_FAKE_153	NA	2021-02-02	Europe	United Kingdom	England	NA	Europe	United Kingdom	England	genome	NA	Human	NA	NA	NA	NA	NA	NA	NA	NA	NA	NA	2021-05-01	NA
UnitedKingdom/fake_154/2021	ncov	EPI_ISL_FAKE_154	NA	2021-02-02	Europe	United Kingdom	England	NA	Europe	United Kingdom	England	genome	NA	Human	NA	NA	NA	NA	NA	NA	NA	NA	NA	NA	2021-05-02	NA
UnitedKingdom/fake_155/2021	ncov	EPI_ISL_FAKE_155	NA	2021-02	Europe	United Kingdom	Wales	NA	Europe	United Kingdom	Wales	genome	NA	Human	NA	NA	NA	NA	NA	NA	NA	NA	NA	NA	2021-04-26	NA
UnitedKingdom/fake_156/2021	ncov	EPI_ISL_FAKE_156	NA	2021-02-02	Europe	United Kingdom	England	NA	Europe	United Kingdom	England	genome	NA	Human	NA	NA	NA	NA	NA	NA	NA	NA	NA	NA	2021-04-16	NA
Luxembourg/fake_157/2021	ncov	EPI_ISL_FAKE_157	NA	2021-02-03	Europe	Luxembourg	Luxembourg	NA	Europe	Luxembourg	Luxembourg	genome	NA	Human	NA	NA	NA	NA	NA	NA	NA	NA	NA	NA	2021-03-19	NA
Denmark/fake_158/2021	ncov	EPI_ISL_FAKE_158	NA	2021-02-04	Europe	Denmark	Nordjylland	NA	Europe	Denmark	Nordjylland	genome	NA	Human	NA	NA	NA	NA	NA	NA	NA	NA	NA	NA	2021-04-05	NA
UnitedKingdom/fake_159/2021	ncov	EPI_ISL_FAKE_159	NA	2021-02-04	Europe	United Kingdom	England	NA	Europe	United Kingdom	England	genome	NA	Human	NA	NA	NA	NA	NA	NA	NA	NA	NA	NA	2021-05-09	NA
Canada/fake_160/2021	ncov	EPI_ISL_FAKE_160	NA	2021-02-04	North America	Canada	Ontario	NA	North America	Canada	Ontario	genome	NA	Human	NA	NA	NA	NA	NA	NA	NA	NA	NA	NA	2021-03-10	NA
Canada/fake_161/2021	ncov	EPI_ISL_FAKE_161	NA	2021-02-05	North America	Canada	Ontario	NA	North America	Canada	Ontario	genome	NA	Human	NA	NA	NA	NA	NA	NA	NA	NA	NA	NA	2021-05-02	NA
Canada/fake_162/2021	ncov	EPI_ISL_FAKE_162	NA	2021-02-05	North America	Canada	Ontario	NA	North America	Canada	Ontario	genome	NA	Human	NA	NA	NA	NA	NA	NA	NA	NA	NA	NA	2021-02-20	NA
Canada/fake_163/2021	ncov	EPI_ISL_FAKE_163	NA	2021-02-05	North America	Canada	Ontario	NA	North America	Canada	Ontario	genome	NA	Human	NA	NA	NA	NA	NA	NA	NA	NA	NA	NA	2021-04-26	NA
Canada/fake_164/2021	ncov	EPI_ISL_FAKE_164	NA	2021-02-06	North America	Canada	Ontario	NA	North America	Canada	Ontario	genome	NA	Human	NA	NA	NA	NA	NA	NA	NA	NA	NA	NA	2021-02-19	NA
Canada/fake_165/2021	ncov	EPI_ISL_FAKE_165	NA	2021-02-06	North America	Canada	Ontario	NA	North America	Canada	Ontario	genome	NA	Human	NA	NA	NA	NA	NA	NA	NA	NA	NA	NA	2021-02-08	NA
Canada/fake_166/2021	ncov	EPI_ISL_FAKE_166	NA	2021-02-06	North America	Canada	Ontario	NA	North America	Canada	Ontario	genome	NA	Human	NA	NA	NA	NA	NA	NA	NA	NA	NA	NA	2021-02-26	NA
Canada/fake_167/2021	ncov	EPI_ISL_FAKE_167	NA	2021-02-06	North America	Canada	Ontario	NA	North America	Canada	Ontario	genome	NA	Human	NA	NA	NA	NA	NA	NA	NA	NA	NA	NA	2021-02-13	NA
UnitedKingdom/fake_168/2021	ncov	EPI_ISL_FAKE_168	NA	2021-02-07	Europe	United Kingdom	England	NA	Europe	United Kingdom	England	genome	NA	Human	NA	NA	NA	NA	NA	NA	NA	NA	NA	NA	2021-05-04	NA
Canada/fake_169/2021	ncov	EPI_ISL_FAKE_169	NA	2021-02-07	North America	Canada	Ontario	NA	North America	Canada	Ontario	genome	NA	Human	NA	NA	NA	NA	NA	NA	NA	NA	NA	NA	2021-03-26	NA
Canada/fake_170/2021	ncov	EPI_ISL_FAKE_170	NA	2021-02	North America	Canada	Ontario	NA	North America	Canada	Ontario	genome	NA	Human	NA	NA	NA	NA	NA	NA	NA	NA	NA	NA	2021-03-17	NA
Canada/fake_171/2021	ncov	EPI_ISL_FAKE_171	NA	2021-02-08	North America	Canada	Ontario	NA	North America	Canada	Ontario	genome	NA	Human	NA	NA	NA	NA	NA	NA	NA	NA	NA	NA	2021-03-05	NA
Canada/fake_172/2021	ncov	EPI_ISL_FAKE_172	NA	2021-02-08	North America	Canada	Ontario	NA	North America	Canada	Ontario	genome	NA	Human	NA	NA	NA	NA	NA	NA	NA	NA	NA	NA	2021-03-30	NA
Canada/fake_173/2021	ncov	EPI_ISL_FAKE_173	NA	2021-02-08	North America	Canada	Ontario	NA	North America	Canada	Ontario	genome	NA	Human	NA	NA	NA	NA	NA	NA	NA	NA	NA	NA	2021-03-09	NA
Canada/fake_174/2021	ncov	EPI_ISL_FAKE_174	NA	2021-02-08	North America	Canada	Ontario	NA	North America	Canada	Ontario	genome	NA	Human	NA	NA	NA	NA	NA	NA	NA	NA	NA	NA	2021-03-26	NA
Canada/fake_175/2021	ncov	EPI_ISL_FAKE_175	NA	2021-02-09	North America	Canada	Ontario	NA	North America	Canada	Ontario	genome	NA	Human	NA	NA	NA	NA	NA	NA	NA	NA	NA	NA	2021-04-14	NA
Canada/fake_176/2021	ncov	EPI_ISL_FAKE_176	NA	2021-02-09	North America	Canada	Ontario	NA	North America	Canada	Ontario	genome	NA	Human	NA	NA	NA	NA	NA	NA	NA	NA	NA	NA	2021-02-15	NA
SouthAfrica/fake_177/2021	ncov	EPI_ISL_FAKE_177	NA	2021-02-09	Africa	South Africa	Eastern Cape	NA	Africa	South Africa	Eastern Cape	genome	NA	Human	NA	NA	NA	NA	NA	NA	NA	NA	NA	NA	2021-03-04	NA
USA/fake_178/2021	ncov	EPI_ISL_FAKE_178	NA	2021-02-09	North America	USA	California	NA	North America	USA	California	genome	NA	Human	NA	NA	NA	NA	NA	NA	NA	NA	NA	NA	2021-02-13	NA
SouthAfrica/fake_179/2021	ncov	EPI_ISL_FAKE_179	NA	2021-02-10	Africa	South Africa	Western Cape Province	NA	Africa	South Africa	Western Cape Province	genome	NA	Human	NA	NA	NA	NA	NA	NA	NA	NA	NA	NA	2021-02-24	NA
USA/fake_180/2021	ncov	EPI_ISL_FAKE_180	NA	2021-02-10	North America	USA	Michigan	NA	North America	USA	Michigan	genome	NA	Human	NA	NA	NA	NA	NA	NA	NA	NA	NA	NA	2021-05-17	NA
USA/fake_181/2021	ncov	EPI_ISL_FAKE_181	NA	2021-02-10	North America	USA	Massachusetts	NA	North America	USA	Massachusetts	genome	NA	Human	NA	NA	NA	NA	NA	NA	NA	NA	NA	NA	2021-03-07	NA
Denmark/fake_182/2021	ncov	EPI_ISL_FAKE_182	NA	2021-02-10	Europe	Denmark	Syddanmark	NA	Europe	Denmark	Syddanmark	genome	NA	Human	NA	NA	NA	NA	NA	NA	NA	NA	NA	NA	2021-03-03	NA
Denmark/fake_183/2021	ncov	EPI_ISL_FAKE_183	NA	2021-02-11	Europe	Denmark	Syddanmark	NA	Europe	Denmark	Syddanmark	genome	NA	Human	NA	NA	NA	NA	NA	NA	NA	NA	NA	NA	2021-05-11	NA
France/fake_184/2021	ncov	EPI_ISL_FAKE_184	NA	2021-02-12	Europe	France	Ile de France	NA	Europe	France	Ile de France	genome	NA	Human	NA	NA	NA	NA	NA	NA	NA	NA	NA	NA	2021-03-21	NA
UnitedKingdom/fake_185/2021	ncov	EPI_ISL_FAKE_185	NA	2021-02-12	Europe	United Kingdom	England	NA	Europe	United Kingdom	England	genome	NA	Human	NA	NA	NA	NA	NA	NA	NA	NA	NA	NA	2021-03-01	NA
USA/fake_186/2021	ncov	EPI_ISL_FAKE_186	NA	2021-02-12	North America	USA	Washington	NA	North America	USA	Washington	genome	NA	Human	NA	NA	NA	NA	NA	NA	NA	NA	NA	NA	2021-04-01	NA
Denmark/fake_187/2021	ncov	EPI_ISL_FAKE_187	NA	2021-02-12	Europe	Denmark	Syddanmark	NA	Europe	Denmark	Syddanmark	genome	NA	Human	NA	NA	NA	NA	NA	NA	NA	NA	NA	NA	2021-05-11	NA
UnitedKingdom/fake_188/2021	ncov	EPI_ISL_FAKE_188	NA	2021-02-12	Europe	United Kingdom	England	NA	Europe	United Kingdom	England	genome	NA	Human	NA	NA	NA	NA	NA	NA	NA	NA	NA	NA	2021-02-26	NA
UnitedKingdom/fake_189/2021	ncov	EPI_ISL_FAKE_189	NA	2021-02-13	Europe	United Kingdom	England	NA	Europe	United Kingdom	England	genome	NA	Human	NA	NA	NA	NA	NA	NA	NA	NA	NA	NA	2021-02-23	NA
UnitedKingdom/fake_190/2021	ncov	EPI_ISL_FAKE_190	NA	2021-02-13	Europe	United Kingdom	England	NA	Europe	United Kingdom	England	genome	NA	Human	NA	NA	NA	NA	NA	NA	NA	NA	NA	NA	2021-03-18	NA
Canada/fake_191/2021	ncov	EPI_ISL_FAKE_191	NA	2021-02-13	North America	Canada	Ontario	NA	North America	Canada	Ontario	genome	NA	Human	NA	NA	NA	NA	NA	NA	NA	NA	NA	NA	2021-05-03	NA
USA/fake_192/2021	ncov	EPI_ISL_FAKE_192	NA	2021-02-13	North America	USA	Utah	NA	North America	USA	Utah	genome	NA	Human	NA	NA	NA	NA	NA	NA	NA	NA	NA	NA	2021-04-14	NA
UnitedKingdom/fake_193/2021	ncov	EPI_ISL_FAKE_193	NA	2021-02-15	Europe	United Kingdom	England	NA	Europe	United Kingdom	England	genome	NA	Human	NA	NA	NA	NA	NA	NA	NA	NA	NA	NA	2021-03-06	NA
UnitedKingdom/fake_194/2021	ncov	EPI_ISL_FAKE_194	NA	2021	Europe	United Kingdom	England	NA	Europe	United Kingdom	England	genome	NA	Human	NA	NA	NA	NA	NA	NA	NA	NA	NA	NA	2021-02-27	NA
France/fake_195/2021	ncov	EPI_ISL_FAKE_195	NA	2021-02-16	Europe	France	Pays de la Loire	NA	Europe	France	Pays de la Loire	genome	NA	Human	NA	NA	NA	NA	NA	NA	NA	NA	NA	NA	2021-03-11	NA
UnitedKingdom/fake_196/2021	ncov	EPI_ISL_FAKE_196	NA	2021-02-16	Europe	United Kingdom	England	NA	Europe	United Kingdom	England	genome	NA	Human	NA	NA	NA	NA	NA	NA	NA	NA	NA	NA	2021-03-17	NA
USA/fake_197/2021	ncov	EPI_ISL_FAKE_197	NA	2021-02-17	North America	USA	Michigan	NA	North America	USA	Michigan	genome	NA	Human	NA	NA	NA	NA	NA	NA	NA	NA	NA	NA	2021-04-02	NA
Singapore/fake_198/2021	ncov	EPI_ISL_FAKE_198	NA	2021-02-18	Asia	Singapore	Singapore	NA	Asia	Singapore	Singapore	genome	NA	Human	NA	NA	NA	NA	NA	NA	NA	NA	NA	NA	2021-05-29	NA
Denmark/fake_199/2021	ncov	EPI_ISL_FAKE_199	NA	2021-02-18	Europe	Denmark	Syddanmark	NA	Europe	Denmark	Syddanmark	genome	NA	Human	NA	NA	NA	NA	NA	NA	NA	NA	NA	NA	2021-04-11	NA
UnitedKingdom/fake_200/2021	ncov	EPI_ISL_FAKE_200	NA	2021-02-18	Europe	United Kingdom	England	NA	Europe	United Kingdom	England	genome	NA	Human	NA	NA	NA	NA	NA	NA	NA	NA	NA	NA	2021-03-16	NA
Denmark/fake_201/2021	ncov	EPI_ISL_FAKE_201	NA	2021-02-18	Europe	Denmark	Midtjylland	NA	Europe	Denmark	Midtjylland	genome	NA	Human	NA	NA	NA	NA	NA	NA	NA	NA	NA	NA	2021-04-01	NA
